#,Name,Team,Batting,Base Running,Fielding,Positional,-- Line Break --,Offense,Defense,-- Line Break --,League,Replacement,-- Line Break --,RAR,WAR,Dollars
,,,Batting - Park Adjusted Runs Above Average based on wOBA,"Base Running - Base running runs above average, includes SB or CS",Fielding - Fielding Runs Above Average based on UZR (TZ before 2002),"Positional - Positional Adjustment set at +12.5 for C, +7.5 for SS, +2.5 for 2B/3B/CF, -7.5 for RF/LF, -12.5 for 1B, -17.5 for DH",,Offense - Batting and Base Running combined (above average),Defense - Fielding and Positional Adjustment combined (above average),,League - League adjustment to zero out wins above average,Replacement - Replacement Runs set at 20 runs per 600 plate apperances,,RAR - Runs Above Replacement (Batting + Fielding + Base Running + Replacement + Positional),WAR - Wins Above Replacement,Dollars - WAR converted to a dollar scale based on what a player would make in free agency
1,A.J. Minter,ATL,0,0,,0,,0,0,,0,0,,0,0,0
2,A.J. Puk,MIA,0,0,,0,,0,0,,0,0,,0,0,0
3,Aaron Bummer,CHW,0,0,,0,,0,0,,0,0,,0,0,0
4,Aaron Civale,2 Tms,0,0,,0,,0,0,,0,0,,0,0,0
5,Aaron Hicks,2 Tms,3.5,1.1,-3.6,-2,,4.6,-5.6,,1,9.7,,9.7,1,7.7
6,Aaron Judge,NYY,40.9,-2.4,0.5,-6.1,,38.5,-5.6,,1.5,14.2,,48.5,4.8,38.7
7,Aaron Loup,LAA,0,0,,0,,0,0,,0,0,,0,0,0
8,Aaron Nola,PHI,0,0,,0,,0,0,,0,0,,0,0,0
9,Abner Uribe,MIL,0,0,,0,,0,0,,0,0,,0,0,0
10,Abraham Almonte,NYM,-2.6,-0.1,-0.4,-0.3,,-2.7,-0.7,,0,0.5,,-2.9,-0.3,-2.3
11,Abraham Toro,MIL,3.9,-0.1,-1.8,-0.2,,3.8,-2.1,,0.1,0.7,,2.5,0.2,2
12,Adam Cimber,TOR,0,0,,0,,0,0,,0,0,,0,0,0
13,Adam Duvall,BOS,6.6,0.8,-4.1,-0.8,,7.4,-5,,1.1,11,,14.6,1.5,11.6
14,Adam Engel,SDP,-1.6,-0.4,-0.6,0,,-2,-0.5,,0,0.2,,-2.3,-0.2,-1.8
15,Adam Frazier,BAL,-3.8,1.4,-10,1.1,,-2.4,-8.9,,1.5,14.1,,4.2,0.4,3.4
16,Adam Haseley,CHW,-2.1,0.2,-0.2,-0.4,,-1.9,-0.6,,0.1,1.2,,-1.1,-0.1,-0.9
17,Adam Kolarek,2 Tms,0,0,,0,,0,0,,0,0,,0,0,0
18,Adam Oller,OAK,0,0,,0,,0,0,,0,0,,0,0,0
19,Adam Ottavino,NYM,0,0,,0,,0,0,,0,0,,0,0,0
20,Adam Wainwright,STL,-0.5,0,,-0.1,,-0.5,-0.1,,0,0.1,,-0.6,-0.1,-0.5
21,Adbert Alzolay,CHC,0,0,,0,,0,0,,0,0,,0,0,0
22,Adley Rutschman,BAL,22.3,-1.9,7.1,3,,20.4,10.2,,2.2,21.3,,54.1,5.4,43.2
23,Adolis García,TEX,18.3,1.4,9.4,-6.4,,19.7,3,,2,19.6,,44.3,4.4,35.3
24,Adrian Houser,MIL,0,0,,0,,0,0,,0,0,,0,0,0
25,Adrián Martínez,OAK,0,0,,0,,0,0,,0,0,,0,0,0
26,Adrian Morejon,SDP,0,0,,0,,0,0,,0,0,,0,0,0
27,AJ Pollock,2 Tms,-9.9,-0.5,1.2,-3.6,,-10.4,-2.3,,0.5,4.5,,-7.8,-0.8,-6.2
28,AJ Smith-Shawver,ATL,0,0,,0,,0,0,,0,0,,0,0,0
29,Akil Baddoo,DET,-5.1,3.6,0.7,-4.3,,-1.5,-3.6,,1.1,11.1,,7.1,0.7,5.7
30,Alan Busenitz,CIN,0,0,,0,,0,0,,0,0,,0,0,0
31,Alan Trejo,COL,-12.3,0.7,1,1,,-11.6,2,,0.6,7,,-2,-0.2,-1.6
32,Albert Abreu,NYY,0,0,,0,,0,0,,0,0,,0,0,0
33,Alec Bohm,PHI,4,-3.3,-3.3,-3.9,,0.7,-7.2,,1.7,19,,14.2,1.4,11.3
34,Alec Burleson,STL,-4.8,-2.1,-5.7,-5.5,,-6.9,-11.2,,1,10.8,,-6.3,-0.6,-5
35,Alec Marsh,KCR,0,0,,0,,0,0,,0,0,,0,0,0
36,Alec Mills,CIN,0,0,,0,,0,0,,0,0,,0,0,0
37,Aledmys Díaz,OAK,-11.7,-2.2,-2.1,0.8,,-13.9,-1.4,,1.1,10.7,,-3.5,-0.4,-2.8
38,Alejandro Kirk,TOR,-2,-6.6,12.5,4.8,,-8.7,17.3,,1.4,13.1,,23.1,2.3,18.4
39,Alejo Lopez,CIN,0.5,0,0.1,0,,0.5,0.1,,0,0.1,,0.7,0.1,0.6
40,Alek Jacob,SDP,0,0,,0,,0,0,,0,0,,0,0,0
41,Alek Manoah,TOR,0,0,,0,,0,0,,0,0,,0,0,0
42,Alek Thomas,ARI,-14.2,4.8,-2.2,1.4,,-9.4,-0.9,,1.1,12.5,,3.3,0.3,2.6
43,Alex Bregman,HOU,21.9,-4.2,-0.1,2.3,,17.8,2.2,,2.3,22.5,,44.8,4.5,35.7
44,Alex Call,WSN,-14.9,-0.6,6.2,-0.4,,-15.5,5.9,,1.2,13.6,,5.3,0.5,4.2
45,Alex Claudio,MIL,0,0,,0,,0,0,,0,0,,0,0,0
46,Alex Cobb,SFG,0,0,,0,,0,0,,0,0,,0,0,0
47,Alex Colomé,CHW,0,0,,0,,0,0,,0,0,,0,0,0
48,Alex Faedo,DET,0,0,,0,,0,0,,0,0,,0,0,0
49,Alex Kirilloff,MIN,7.6,-1.9,-5.3,-5.3,,5.7,-10.6,,1,9.9,,6.1,0.6,4.9
50,Alex Lange,DET,0,0,,0,,0,0,,0,0,,0,0,0
51,Alex Speas,TEX,0,0,,0,,0,0,,0,0,,0,0,0
52,Alex Verdugo,BOS,-1.5,-0.5,1.7,-6,,-1.9,-4.3,,1.9,18.7,,14.3,1.4,11.4
53,Alex Vesia,LAD,0,0,,0,,0,0,,0,0,,0,0,0
54,Alex Wood,SFG,0,0,,0,,0,0,,0,0,,0,0,0
55,Alex Young,CIN,0,0,,0,,0,0,,0,0,,0,0,0
56,Alexander Canario,CHC,1,-0.8,-0.4,-0.5,,0.2,-0.9,,0,0.5,,-0.1,0,-0.1
57,Alexis Díaz,CIN,0,0,,0,,0,0,,0,0,,0,0,0
58,Alfonso Rivas III,2 Tms,-0.9,-0.8,-0.2,-2.6,,-1.7,-2.8,,0.3,3.8,,-0.3,0,-0.2
59,Alika Williams,PIT,-7.8,-0.4,-0.4,1.6,,-8.3,1.1,,0.3,3.5,,-3.4,-0.3,-2.7
60,Allan Winans,ATL,0,0,,0,,0,0,,0,0,,0,0,0
61,Amed Rosario,2 Tms,-7.6,0.6,-10.9,4,,-7.1,-6.9,,1.7,16.9,,4.6,0.5,3.7
62,Amir Garrett,KCR,0,0,,0,,0,0,,0,0,,0,0,0
63,Amos Willingham,WSN,0,0,,0,,0,0,,0,0,,0,0,0
64,Andre Jackson,2 Tms,0,0,,0,,0,0,,0,0,,0,0,0
65,Andre Lipcius,DET,0.3,0,-3.6,-0.1,,0.3,-3.7,,0.1,1.2,,-2.1,-0.2,-1.7
66,Andre Pallante,STL,0,0,,0,,0,0,,0,0,,0,0,0
67,Andrés Giménez,CLE,-1.9,4.1,13.4,2.2,,2.2,15.7,,2,19.1,,39,3.9,31.1
68,Andrés Machado,WSN,0,0,,0,,0,0,,0,0,,0,0,0
69,Andrés Muñoz,SEA,0,0,,0,,0,0,,0,0,,0,0,0
70,Andrew Abbott,CIN,0,0,,0,,0,0,,0,0,,0,0,0
71,Andrew Bellatti,PHI,0,0,,0,,0,0,,0,0,,0,0,0
72,Andrew Benintendi,CHW,-9.5,1.7,-10,-6.5,,-7.8,-16.6,,2,19.3,,-3.1,-0.3,-2.5
73,Andrew Chafin,2 Tms,0,0,,0,,0,0,,0,0,,0,0,0
74,Andrew Heaney,TEX,0,0,,0,,0,0,,0,0,,0,0,0
75,Andrew Kittredge,TBR,0,0,,0,,0,0,,0,0,,0,0,0
76,Andrew Knizner,STL,-2.3,-1.6,-8.9,4.8,,-3.8,-4,,0.7,7.5,,0.3,0,0.3
77,Andrew McCutchen,PIT,8.9,-1.6,0.9,-10.9,,7.3,-10,,1.3,14.7,,13.3,1.3,10.6
78,Andrew Nardi,MIA,0,0,,0,,0,0,,0,0,,0,0,0
79,Andrew Saalfrank,ARI,0,0,,0,,0,0,,0,0,,0,0,0
80,Andrew Stevenson,MIN,-3.2,0.3,1.6,0.1,,-2.9,1.6,,0.1,1.2,,0.1,0,0.1
81,Andrew Suárez,STL,0,0,,0,,0,0,,0,0,,0,0,0
82,Andrew Vasquez,2 Tms,0,0,,0,,0,0,,0,0,,0,0,0
83,Andrew Vaughn,CHW,2.1,-4.5,-3.3,-11.4,,-2.4,-14.7,,2,19.1,,4,0.4,3.2
84,Andrew Velazquez,LAA,-5.5,1.5,-2.2,1.3,,-3.9,-1,,0.3,2.9,,-1.7,-0.2,-1.3
85,Andrew Wantz,LAA,0,0,,0,,0,0,,0,0,,0,0,0
86,Andruw Monasterio,MIL,-4.9,-0.6,-0.9,0.9,,-5.5,0,,0.9,9.8,,5.2,0.5,4.1
87,Andy Ibáñez,DET,1.3,-0.7,2.5,-0.2,,0.6,2.3,,1.2,11.9,,16,1.6,12.8
88,Angel Felipe,OAK,0,0,,0,,0,0,,0,0,,0,0,0
89,Angel Perdomo,PIT,0,0,,0,,0,0,,0,0,,0,0,0
90,Angel Zerpa,KCR,0,0,,0,,0,0,,0,0,,0,0,0
91,Anthony Banda,WSN,0,0,,0,,0,0,,0,0,,0,0,0
92,Anthony Bass,TOR,0,0,,0,,0,0,,0,0,,0,0,0
93,Anthony Bemboom,BAL,-0.8,0,-0.1,0.3,,-0.8,0.3,,0,0.4,,-0.1,0,-0.1
94,Anthony DeSclafani,SFG,0,0,,0,,0,0,,0,0,,0,0,0
95,Anthony Kay,2 Tms,0,0,,0,,0,0,,0,0,,0,0,0
96,Anthony Misiewicz,3 Tms,0,0,,0,,0,0,,0,0,,0,0,0
97,Anthony Rendon,LAA,-1,0,-3.9,0.6,,-1,-3.3,,0.6,5.7,,2,0.2,1.6
98,Anthony Rizzo,NYY,-0.2,-3.6,6.1,-7.7,,-3.8,-1.6,,1.4,13.1,,9.1,0.9,7.2
99,Anthony Santander,BAL,15.2,-0.7,-1.3,-9.8,,14.5,-11.2,,2.1,20.4,,25.8,2.6,20.6
100,Anthony Veneziano,KCR,0,0,,0,,0,0,,0,0,,0,0,0
101,Anthony Volpe,NYY,-11.3,3.4,0.3,6.9,,-7.9,7.3,,1.9,18.7,,19.9,2,15.9
102,Antonio Senzatela,COL,0,0,,0,,0,0,,0,0,,0,0,0
103,Archie Bradley,MIA,0,0,,0,,0,0,,0,0,,0,0,0
104,Aroldis Chapman,2 Tms,0,0,,0,,0,0,,0,0,,0,0,0
105,Austin Adams,ARI,0,0,,0,,0,0,,0,0,,0,0,0
106,Austin Barnes,LAD,-14.6,-1.4,-1.3,3.9,,-16,2.5,,0.6,6.2,,-6.7,-0.7,-5.4
107,Austin Cox,KCR,0,0,,0,,0,0,,0,0,,0,0,0
108,Austin Gomber,COL,0,0,,0,,0,0,,0,0,,0,0,0
109,Austin Hays,BAL,8.2,-1.3,5.2,-6.2,,6.9,-1,,1.8,17.6,,25.3,2.5,20.2
110,Austin Hedges,2 Tms,-19.9,-0.5,18.7,4.9,,-20.4,23.6,,0.6,6.6,,10.4,1,8.3
111,Austin Meadows,DET,-1.6,0,0.3,-0.2,,-1.6,0.1,,0.1,0.7,,-0.8,-0.1,-0.7
112,Austin Nola,SDP,-11.9,-0.2,-5.3,3.3,,-12.1,-2,,0.4,4.8,,-8.9,-0.9,-7.1
113,Austin Pruitt,OAK,0,0,,0,,0,0,,0,0,,0,0,0
114,Austin Riley,ATL,23.8,0.7,-0.6,2.4,,24.5,1.8,,2,22.2,,50.5,5,40.3
115,Austin Slater,SFG,2.6,-1.4,-0.5,-1.3,,1.2,-1.8,,0.6,6.4,,6.5,0.6,5.2
116,Austin Voth,BAL,0,0,,0,,0,0,,0,0,,0,0,0
117,Austin Warren,LAA,0,0,,0,,0,0,,0,0,,0,0,0
118,Austin Wells,NYY,-0.2,0.3,-0.6,1.4,,0.1,0.7,,0.2,2.3,,3.4,0.3,2.7
119,Austin Wynns,3 Tms,-11.4,-0.2,4.6,3.2,,-11.6,7.8,,0.4,4.5,,1.1,0.1,0.9
120,Avisaíl García,MIA,-7.9,0.1,0.9,-1.4,,-7.8,-0.5,,0.3,3.7,,-4.3,-0.4,-3.5
121,Bailey Falter,2 Tms,0,0,,0,,0,0,,0,0,,0,0,0
122,Bailey Ober,MIN,0,0,,0,,0,0,,0,0,,0,0,0
123,Beau Brieske,DET,0,0,,0,,0,0,,0,0,,0,0,0
124,Ben Gamel,SDP,-1.4,0.1,-0.1,-0.2,,-1.3,-0.4,,0,0.5,,-1.2,-0.1,-0.9
125,Ben Heller,ATL,0,0,,0,,0,0,,0,0,,0,0,0
126,Ben Joyce,LAA,0,0,,0,,0,0,,0,0,,0,0,0
127,Ben Lively,CIN,0,0,,0,,0,0,,0,0,,0,0,0
128,Ben Rortvedt,NYY,-6.1,-0.1,1.8,1.7,,-6.2,3.5,,0.3,2.5,,0,0,0
129,Bennett Sousa,2 Tms,0,0,,0,,0,0,,0,0,,0,0,0
130,Billy Hamilton,CHW,-0.5,0.5,,0,,-0.1,0,,0,0.1,,0,0,0
131,Billy McKinney,NYY,0.2,0.3,-2,-1.3,,0.5,-3.3,,0.5,4.6,,2.2,0.2,1.8
132,Blair Calvo,COL,0,0,,0,,0,0,,0,0,,0,0,0
133,Blake Perkins,MIL,-2.4,0.8,7.6,-1.4,,-1.6,6.2,,0.5,5.2,,10.2,1,8.2
134,Blake Rutherford,WSN,-4.6,0,0.5,-0.5,,-4.6,0,,0.1,1.1,,-3.4,-0.3,-2.7
135,Blake Sabol,SFG,-3.4,-0.2,-4.8,0.9,,-3.5,-3.9,,1,10.7,,4.2,0.4,3.4
136,Blake Snell,SDP,0,0,,0,,0,0,,0,0,,0,0,0
137,Bligh Madris,HOU,-2.3,-0.1,-0.8,-0.5,,-2.4,-1.3,,0.1,0.9,,-2.7,-0.3,-2.1
138,Bo Bichette,TOR,17.7,-1.4,-2.5,5.3,,16.3,2.8,,1.9,18.7,,39.7,4,31.7
139,Bo Naylor,CLE,6.5,1.7,0.6,4.3,,8.2,4.9,,0.7,7.1,,21,2.1,16.7
140,Bobby Dalbec,BOS,-3.1,0.2,-0.3,-1,,-2.9,-1.3,,0.2,1.6,,-2.4,-0.2,-1.9
141,Bobby Miller,LAD,0,0,,0,,0,0,,0,0,,0,0,0
142,Bobby Witt Jr.,KCR,12.3,7.6,9.5,5.5,,19.9,15,,2.2,21.5,,58.7,5.9,46.8
143,Bowden Francis,TOR,0,0,,0,,0,0,,0,0,,0,0,0
144,Brad Boxberger,CHC,0,0,,0,,0,0,,0,0,,0,0,0
145,Brad Hand,2 Tms,0,0,,0,,0,0,,0,0,,0,0,0
146,Brad Keller,KCR,0,0,,0,,0,0,,0,0,,0,0,0
147,Brad Miller,TEX,-1.1,0.1,0.1,-2.3,,-1,-2.3,,0.2,2.1,,-1,-0.1,-0.8
148,Braden Bristo,2 Tms,0,0,,0,,0,0,,0,0,,0,0,0
149,Braden Shewmake,ATL,-1.1,0,-0.7,0.1,,-1.1,-0.6,,0,0.1,,-1.5,-0.2,-1.2
150,Brady Singer,KCR,0,0,,0,,0,0,,0,0,,0,0,0
151,Brandon Belt,TOR,18.5,-2.2,1.2,-9.5,,16.3,-8.3,,1.3,12.5,,21.8,2.2,17.4
152,Brandon Bielak,HOU,0,0,,0,,0,0,,0,0,,0,0,0
153,Brandon Crawford,SFG,-14.5,0,4.1,3.7,,-14.5,7.9,,0.9,9.9,,4.2,0.4,3.4
154,Brandon Dixon,SDP,-4.6,0.3,1.8,-1.9,,-4.3,-0.1,,0.2,2.7,,-1.5,-0.2,-1.2
155,Brandon Drury,LAA,8.9,-2.8,5.4,-2.3,,6,3.1,,1.7,16.2,,27,2.7,21.6
156,Brandon Hughes,CHC,0,0,,0,,0,0,,0,0,,0,0,0
157,Brandon Lowe,TBR,8.9,1.2,3,1,,10.1,4,,1.4,13.5,,29.1,2.9,23.2
158,Brandon Marsh,PHI,14.5,2.7,1.7,0.5,,17.1,2.1,,1.3,14.7,,35.3,3.5,28.1
159,Brandon Nimmo,NYM,25.5,-3.4,-3.8,1,,22.1,-2.8,,1.9,21.2,,42.4,4.2,33.8
160,Brandon Pfaadt,ARI,0,0,,0,,0,0,,0,0,,0,0,0
161,Brandon Walter,BOS,0,0,,0,,0,0,,0,0,,0,0,0
162,Brandon Williamson,CIN,0,0,,0,,0,0,,0,0,,0,0,0
163,Brandon Woodruff,MIL,0,0,,0,,0,0,,0,0,,0,0,0
164,Braxton Garrett,MIA,0,0,,0,,0,0,,0,0,,0,0,0
165,Brayan Bello,BOS,0,0,,0,,0,0,,0,0,,0,0,0
166,Brayan Rocchio,CLE,-3.6,-0.8,-3,0.8,,-4.4,-2.2,,0.3,2.7,,-3.6,-0.4,-2.9
167,Brenan Hanifee,DET,0,0,,0,,0,0,,0,0,,0,0,0
168,Brendan Donovan,STL,8.5,-0.3,-2.5,-3.1,,8.2,-5.6,,1,11.5,,15.2,1.5,12.1
169,Brendan Rodgers,COL,-5.8,-0.4,0.8,0.4,,-6.2,1.2,,0.5,6,,1.5,0.2,1.2
170,Brendan White,DET,0,0,,0,,0,0,,0,0,,0,0,0
171,Brennan Bernardino,BOS,0,0,,0,,0,0,,0,0,,0,0,0
172,Brent Headrick,MIN,0,0,,0,,0,0,,0,0,,0,0,0
173,Brent Honeywell,2 Tms,0,0,,0,,0,0,,0,0,,0,0,0
174,Brent Rooker,OAK,17.1,-0.8,-2.2,-10.4,,16.3,-12.6,,1.7,16.3,,21.7,2.2,17.3
175,Brent Suter,COL,0,0,,0,,0,0,,0,0,,0,0,0
176,Brenton Doyle,COL,-30.6,3.2,15.7,1.8,,-27.4,17.5,,1.2,13.4,,4.6,0.5,3.7
177,Brett Baty,NYM,-15.5,-0.6,-2.5,0.9,,-16.1,-1.5,,1.1,12.1,,-4.5,-0.4,-3.6
178,Brett Kennedy,CIN,0,0,,0,,0,0,,0,0,,0,0,0
179,Brett Phillips,LAA,-3,0.7,-1.4,0,,-2.3,-1.4,,0.2,2.2,,-1.3,-0.1,-1
180,Brett Sullivan,SDP,-5.7,0.2,-3.8,1.9,,-5.6,-1.9,,0.2,2.7,,-4.5,-0.5,-3.6
181,Brett Wisely,SFG,-10.1,-0.6,2,0.6,,-10.7,2.6,,0.4,4.1,,-3.7,-0.4,-2.9
182,Brian Anderson,MIL,-6.5,-1.5,-0.2,-1.1,,-8,-1.2,,1,11.2,,3,0.3,2.4
183,Brian O'Keefe,SEA,-2.2,-0.2,-0.8,0.4,,-2.4,-0.4,,0.1,0.7,,-2.1,-0.2,-1.6
184,Brian Serven,COL,-4,-0.3,0.1,0.5,,-4.3,0.7,,0.1,0.7,,-2.9,-0.3,-2.3
185,Brice Turang,MIL,-22,2.9,-0.2,2.2,,-19.1,2,,1.3,13.9,,-1.9,-0.2,-1.5
186,Brock Burke,TEX,0,0,,0,,0,0,,0,0,,0,0,0
187,Brock Stewart,MIN,0,0,,0,,0,0,,0,0,,0,0,0
188,Brooks Kriske,KCR,0,0,,0,,0,0,,0,0,,0,0,0
189,Brooks Raley,NYM,0,0,,0,,0,0,,0,0,,0,0,0
190,Bruce Zimmermann,BAL,0,0,,0,,0,0,,0,0,,0,0,0
191,Brusdar Graterol,LAD,0,0,,0,,0,0,,0,0,,0,0,0
192,Bryan Abreu,HOU,0,0,,0,,0,0,,0,0,,0,0,0
193,Bryan Baker,BAL,0,0,,0,,0,0,,0,0,,0,0,0
194,Bryan De La Cruz,MIA,-6.5,-3.7,-6.4,-6.5,,-10.2,-12.9,,1.8,19.4,,-1.9,-0.2,-1.5
195,Bryan Hoeing,MIA,0,0,,0,,0,0,,0,0,,0,0,0
196,Bryan Hudson,LAD,0,0,,0,,0,0,,0,0,,0,0,0
197,Bryan Reynolds,PIT,8,1.4,-2.8,-6.8,,9.4,-9.7,,1.8,19.9,,21.4,2.1,17.1
198,Bryan Shaw,CHW,0,0,,0,,0,0,,0,0,,0,0,0
199,Bryan Woo,SEA,0,0,,0,,0,0,,0,0,,0,0,0
200,Bryce Elder,ATL,0,0,,0,,0,0,,0,0,,0,0,0
201,Bryce Harper,PHI,28.5,-0.3,0.7,-12.2,,28.2,-11.5,,1.5,17,,35.2,3.5,28
202,Bryce Jarvis,ARI,0,0,,0,,0,0,,0,0,,0,0,0
203,Bryce Johnson,SFG,-3.9,1,0.3,0.2,,-2.9,0.5,,0.1,1.5,,-0.8,-0.1,-0.6
204,Bryce Miller,SEA,0,0,,0,,0,0,,0,0,,0,0,0
205,Bryse Wilson,MIL,0,0,,0,,0,0,,0,0,,0,0,0
206,Bryson Stott,PHI,0.9,5,11.9,2.1,,5.8,14,,1.8,19.9,,41.5,4.1,33.1
207,Bubba Thompson,TEX,-4.4,0.1,-1,-1,,-4.4,-2,,0.2,1.9,,-4.3,-0.4,-3.4
208,Buck Farmer,CIN,0,0,,0,,0,0,,0,0,,0,0,0
209,Buddy Kennedy,ARI,-1.6,-0.1,0.7,-0.1,,-1.6,0.6,,0.1,0.9,,-0.1,0,-0.1
210,Byron Buxton,MIN,-0.8,3.8,,-8.6,,3,-8.6,,1.1,10.8,,6.2,0.6,5
211,C.J. Cron,2 Tms,-6,-4,1.9,-5.3,,-10,-3.4,,0.8,8.6,,-3.9,-0.4,-3.1
212,Cade Marlowe,SEA,1.4,0.9,4.1,-1,,2.3,3,,0.3,3.1,,8.8,0.9,7
213,Cal Mitchell,PIT,-0.8,0,-0.2,0,,-0.8,-0.3,,0,0.2,,-0.9,-0.1,-0.7
214,Cal Quantrill,CLE,0,0,,0,,0,0,,0,0,,0,0,0
215,Cal Raleigh,SEA,7.8,-2.2,9.8,7.4,,5.6,17.1,,1.8,17.7,,42.2,4.2,33.7
216,Cal Stevenson,SFG,-1.4,-0.1,0.3,0.1,,-1.5,0.3,,0,0.4,,-0.7,-0.1,-0.6
217,Caleb Boushley,MIL,0,0,,0,,0,0,,0,0,,0,0,0
218,Caleb Ferguson,LAD,0,0,,0,,0,0,,0,0,,0,0,0
219,Caleb Hamilton,BOS,-1,0,-0.1,0.1,,-1,0,,0,0.2,,-0.8,-0.1,-0.7
220,Caleb Kilian,CHC,0,0,,0,,0,0,,0,0,,0,0,0
221,Caleb Thielbar,MIN,0,0,,0,,0,0,,0,0,,0,0,0
222,Calvin Faucher,TBR,0,0,,0,,0,0,,0,0,,0,0,0
223,Cam Eden,TOR,-0.8,0,-0.3,-0.2,,-0.8,-0.5,,0,0.2,,-1.1,-0.1,-0.9
224,Cam Gallagher,CLE,-20.8,-0.2,5.6,3.6,,-21,9.2,,0.5,4.6,,-6.8,-0.7,-5.4
225,Camilo Doval,SFG,0,0,,0,,0,0,,0,0,,0,0,0
226,Canaan Smith-Njigba,PIT,-3.8,-0.4,-0.9,-0.4,,-4.2,-1.3,,0.1,1.1,,-4.3,-0.4,-3.4
227,Carl Edwards Jr.,WSN,0,0,,0,,0,0,,0,0,,0,0,0
228,Carlos Carrasco,NYM,0,0,,0,,0,0,,0,0,,0,0,0
229,Carlos Correa,MIN,-2.6,-2.9,-1.6,5.9,,-5.5,4.3,,1.9,18,,18.6,1.9,14.9
230,Carlos Estévez,LAA,0,0,,0,,0,0,,0,0,,0,0,0
231,Carlos Hernández,KCR,0,0,,0,,0,0,,0,0,,0,0,0
232,Carlos Pérez,OAK,-3.7,-1.2,-3.3,0.4,,-4.9,-2.9,,0.6,5.9,,-1.4,-0.1,-1.1
233,Carlos Pérez,CHW,-2.2,-0.2,-1.9,0.6,,-2.4,-1.3,,0.2,1.6,,-1.9,-0.2,-1.5
234,Carlos Rodón,NYY,0,0,,0,,0,0,,0,0,,0,0,0
235,Carlos Santana,2 Tms,0.7,0.6,3.9,-11.1,,1.3,-7.2,,1.7,19.2,,15.1,1.5,12
236,Carlos Vargas,ARI,0,0,,0,,0,0,,0,0,,0,0,0
237,Carmen Mlodzinski,PIT,0,0,,0,,0,0,,0,0,,0,0,0
238,Carson Fulmer,LAA,0,0,,0,,0,0,,0,0,,0,0,0
239,Carson Kelly,2 Tms,-8,-0.7,1.3,3.1,,-8.8,4.4,,0.4,4.7,,0.8,0.1,0.6
240,Carson Spiers,CIN,0,0,,0,,0,0,,0,0,,0,0,0
241,Carter Kieboom,WSN,-3.5,-0.1,-0.6,0.2,,-3.6,-0.3,,0.3,2.9,,-0.8,-0.1,-0.6
242,Casey Lawrence,STL,0,0,,0,,0,0,,0,0,,0,0,0
243,Casey Legumina,CIN,0,0,,0,,0,0,,0,0,,0,0,0
244,Casey Schmitt,SFG,-14,-0.8,-2,2.1,,-14.8,0.1,,0.8,8.6,,-5.4,-0.5,-4.3
245,Cavan Biggio,TOR,1.1,-0.1,-1.6,-2,,0.9,-3.6,,1.1,10.5,,8.9,0.9,7.1
246,Ceddanne Rafaela,BOS,-2.8,0.1,0,0.3,,-2.7,0.4,,0.3,2.8,,0.7,0.1,0.6
247,Cedric Mullins,BAL,-0.7,3.6,-0.7,1.2,,2.9,0.6,,1.5,14.1,,19,1.9,15.2
248,César Salazar,HOU,-2.9,0,0.5,0.3,,-3,0.8,,0.1,0.6,,-1.5,-0.1,-1.2
249,Chad Green,TOR,0,0,,0,,0,0,,0,0,,0,0,0
250,Chad Kuhl,WSN,0,0,,0,,0,0,,0,0,,0,0,0
251,Chad Smith,OAK,0,0,,0,,0,0,,0,0,,0,0,0
252,Chad Wallach,LAA,-6.2,-1.2,-3.4,3.3,,-7.5,-0.1,,0.6,5.3,,-1.6,-0.2,-1.3
253,Chadwick Tromp,ATL,-2.5,0,0.3,0.4,,-2.6,0.6,,0,0.5,,-1.4,-0.1,-1.1
254,Chandler Seagle,SDP,-0.3,0,,-0.1,,-0.3,-0.1,,0,0,,-0.3,0,-0.3
255,Charlie Blackmon,COL,2.4,-1.5,0.6,-7.8,,0.9,-7.2,,1.2,12.8,,7.7,0.8,6.1
256,Charlie Culberson,ATL,0.5,0,,0,,0.5,0,,0,0,,0.5,0,0.4
257,Charlie Morton,ATL,0,0,,0,,0,0,,0,0,,0,0,0
258,Chas McCormick,HOU,18,0,1.6,-2.3,,18,-0.8,,1.5,14.2,,32.9,3.3,26.3
259,Chase Anderson,2 Tms,0,0,,0,,0,0,,0,0,,0,0,0
260,Chase De Jong,PIT,0,0,,0,,0,0,,0,0,,0,0,0
261,Chase Silseth,LAA,0,0,,0,,0,0,,0,0,,0,0,0
262,Chasen Shreve,2 Tms,0,0,,0,,0,0,,0,0,,0,0,0
263,Chi Chi González,MIA,0,0,,0,,0,0,,0,0,,0,0,0
264,Chris Bassitt,TOR,0,0,,0,,0,0,,0,0,,0,0,0
265,Chris Devenski,2 Tms,0,0,,0,,0,0,,0,0,,0,0,0
266,Chris Flexen,2 Tms,0,0,,0,,0,0,,0,0,,0,0,0
267,Chris Martin,BOS,0,0,,0,,0,0,,0,0,,0,0,0
268,Chris Murphy,BOS,0,0,,0,,0,0,,0,0,,0,0,0
269,Chris Okey,LAA,-0.5,0,0.1,0.1,,-0.5,0.2,,0,0.1,,-0.3,0,-0.2
270,Chris Owings,PIT,-3.8,-0.1,-0.1,0.3,,-3.8,0.2,,0.1,0.8,,-2.8,-0.3,-2.2
271,Chris Paddack,MIN,0,0,,0,,0,0,,0,0,,0,0,0
272,Chris Sale,BOS,0,0,,0,,0,0,,0,0,,0,0,0
273,Chris Stratton,2 Tms,0,0,,0,,0,0,,0,0,,0,0,0
274,Chris Taylor,LAD,2.1,1.5,-2.4,-1,,3.6,-3.4,,1.1,11.9,,13.2,1.3,10.5
275,Chris Vallimont,BAL,0,0,,0,,0,0,,0,0,,0,0,0
276,Christian Arroyo,BOS,-8.7,-0.6,-2.1,0.9,,-9.2,-1.2,,0.7,6.4,,-3.4,-0.3,-2.7
277,Christian Bethancourt,TBR,-10.5,-1.3,-1.9,6.8,,-11.7,5,,1.1,10.3,,4.6,0.5,3.7
278,Christian Encarnacion-St...,CIN,3.6,0,0,-4.9,,3.6,-4.8,,0.7,7.5,,6.9,0.7,5.5
279,Christian Vázquez,MIN,-14.7,-3.8,9.2,6.5,,-18.5,15.7,,1.1,11,,9.3,0.9,7.5
280,Christian Walker,ARI,16.6,1.2,10.8,-11.7,,17.8,-0.8,,1.9,20.5,,39.3,3.9,31.4
281,Christian Yelich,MIL,17.1,7.3,-0.5,-7.6,,24.4,-8,,1.8,19.6,,37.7,3.8,30.1
282,Christopher Morel,CHC,10,2.5,-5.7,-6.6,,12.5,-12.3,,1.2,13.3,,14.7,1.5,11.8
283,Cionel Pérez,BAL,0,0,,0,,0,0,,0,0,,0,0,0
284,CJ Abrams,WSN,-7.6,9.2,-7.1,6.7,,1.7,-0.4,,1.7,19.1,,22.1,2.2,17.6
285,Clarke Schmidt,NYY,0,0,,0,,0,0,,0,0,,0,0,0
286,Clay Holmes,NYY,0,0,,0,,0,0,,0,0,,0,0,0
287,Clayton Andrews,MIL,0,0,,0,,0,0,,0,0,,0,0,0
288,Clayton Kershaw,LAD,0,0,,0,,0,0,,0,0,,0,0,0
289,Clint Frazier,CHW,-3.9,-0.3,-1.2,-0.7,,-4.1,-2,,0.2,2.4,,-3.5,-0.3,-2.8
290,Coco Montes,COL,-3.3,-0.1,-1.9,0.2,,-3.3,-1.8,,0.1,1.3,,-3.7,-0.4,-3
291,Cody Bellinger,CHC,23.6,2.4,1,-2.8,,26,-1.8,,1.6,17.3,,43.1,4.3,34.4
292,Cody Bolton,PIT,0,0,,0,,0,0,,0,0,,0,0,0
293,Cody Bradford,TEX,0,0,,0,,0,0,,0,0,,0,0,0
294,Cody Morris,CLE,0,0,,0,,0,0,,0,0,,0,0,0
295,Cody Thomas,OAK,-0.3,-0.2,0.6,-0.9,,-0.5,-0.2,,0.1,1.4,,0.8,0.1,0.7
296,Cole Irvin,BAL,0,0,,0,,0,0,,0,0,,0,0,0
297,Cole Ragans,2 Tms,0,0,,0,,0,0,,0,0,,0,0,0
298,Cole Sands,MIN,0,0,,0,,0,0,,0,0,,0,0,0
299,Cole Sulser,ARI,0,0,,0,,0,0,,0,0,,0,0,0
300,Cole Tucker,COL,1.3,0,-0.8,-0.3,,1.3,-1.1,,0,0.3,,0.6,0.1,0.4
301,Cole Waites,SFG,0,0,,0,,0,0,,0,0,,0,0,0
302,Colin Holderman,PIT,0,0,,0,,0,0,,0,0,,0,0,0
303,Colin Poche,TBR,0,0,,0,,0,0,,0,0,,0,0,0
304,Colin Rea,MIL,0,0,,0,,0,0,,0,0,,0,0,0
305,Colin Selby,PIT,0,0,,0,,0,0,,0,0,,0,0,0
306,Collin McHugh,ATL,0,0,,0,,0,0,,0,0,,0,0,0
307,Collin Snider,KCR,0,0,,0,,0,0,,0,0,,0,0,0
308,Colten Brewer,NYY,0,0,,0,,0,0,,0,0,,0,0,0
309,Colton Cowser,BAL,-5.5,0.6,-1,-0.4,,-4.9,-1.3,,0.2,2.4,,-3.6,-0.4,-2.9
310,Conner Capel,OAK,0.9,-0.3,-1.1,-1.2,,0.6,-2.3,,0.3,2.7,,1.2,0.1,0.9
311,Connor Brogdon,PHI,0,0,,0,,0,0,,0,0,,0,0,0
312,Connor Joe,PIT,3.9,-2.7,4.3,-6.1,,1.2,-1.8,,1.3,14.7,,15.4,1.5,12.3
313,Connor Kaiser,COL,-1.1,0,0.4,0.1,,-1.1,0.5,,0,0.1,,-0.5,-0.1,-0.4
314,Connor Overton,CIN,0,0,,0,,0,0,,0,0,,0,0,0
315,Connor Phillips,CIN,0,0,,0,,0,0,,0,0,,0,0,0
316,Connor Seabold,COL,0,0,,0,,0,0,,0,0,,0,0,0
317,Connor Wong,BOS,-10.9,-0.4,-8.7,8,,-11.3,-0.7,,1.3,12.5,,1.8,0.2,1.4
318,Cooper Criswell,TBR,0,0,,0,,0,0,,0,0,,0,0,0
319,Cooper Hummel,SEA,-3.2,0.3,0,-0.9,,-2.8,-0.9,,0.1,0.8,,-2.8,-0.3,-2.2
320,Corbin Burnes,MIL,0,0,,0,,0,0,,0,0,,0,0,0
321,Corbin Carroll,ARI,26.5,12.3,-1.3,-4.8,,38.7,-6,,1.8,20,,54.6,5.4,43.5
322,Corey Dickerson,WSN,-5.6,-2.3,-1.3,-2,,-7.9,-3.4,,0.4,4.7,,-6.1,-0.6,-4.8
323,Corey Julks,HOU,-7.8,1.2,4.6,-4.9,,-6.6,-0.2,,1,10,,4.2,0.4,3.4
324,Corey Kluber,BOS,0,0,,0,,0,0,,0,0,,0,0,0
325,Corey Seager,TEX,44.2,-2.8,-2.3,4.1,,41.4,1.9,,1.7,16.6,,61.6,6.1,49.2
326,Cory Abbott,WSN,0,0,,0,,0,0,,0,0,,0,0,0
327,Craig Kimbrel,PHI,0,0,,0,,0,0,,0,0,,0,0,0
328,Cristian Javier,HOU,0,0,,0,,0,0,,0,0,,0,0,0
329,Cristian Pache,PHI,-0.1,-0.1,1.8,-0.5,,-0.2,1.3,,0.3,2.9,,4.4,0.4,3.5
330,Cristopher Sánchez,PHI,0,0,,0,,0,0,,0,0,,0,0,0
331,Curt Casali,CIN,-7.1,-0.3,-0.4,2,,-7.5,1.6,,0.3,3,,-2.6,-0.3,-2.1
332,Curtis Mead,TBR,-0.6,0,0.4,0.3,,-0.6,0.7,,0.3,2.9,,3.2,0.3,2.6
333,Dairon Blanco,KCR,1.3,2.9,4.3,-1.6,,4.2,2.7,,0.4,4.3,,11.6,1.2,9.3
334,Dakota Hudson,STL,0,0,,0,,0,0,,0,0,,0,0,0
335,Dallas Keuchel,MIN,0,0,,0,,0,0,,0,0,,0,0,0
336,Dalton Guthrie,PHI,-1.9,-0.2,1.7,0,,-2.1,1.7,,0.1,0.9,,0.6,0.1,0.4
337,Dane Dunning,TEX,0,0,,0,,0,0,,0,0,,0,0,0
338,Dane Myers,MIA,-2.5,0.1,-0.8,0.1,,-2.4,-0.7,,0.2,2.2,,-0.8,-0.1,-0.6
339,Daniel Bard,COL,0,0,,0,,0,0,,0,0,,0,0,0
340,Daniel Castano,MIA,0,0,,0,,0,0,,0,0,,0,0,0
341,Daniel Duarte,CIN,0,0,,0,,0,0,,0,0,,0,0,0
342,Daniel Hudson,LAD,0,0,,0,,0,0,,0,0,,0,0,0
343,Daniel Lynch IV,KCR,0,0,,0,,0,0,,0,0,,0,0,0
344,Daniel Norris,CLE,0,0,,0,,0,0,,0,0,,0,0,0
345,Daniel Palencia,CHC,0,0,,0,,0,0,,0,0,,0,0,0
346,Daniel Vogelbach,NYM,3.5,-3.1,,-9.2,,0.4,-9.2,,0.9,9.9,,2,0.2,1.6
347,Danny Coulombe,BAL,0,0,,0,,0,0,,0,0,,0,0,0
348,Danny Jansen,TOR,5.6,-1.1,0.8,4,,4.5,4.8,,1,9.3,,19.6,2,15.6
349,Danny Mendick,NYM,-5,-0.9,-4.3,0,,-6,-4.3,,0.2,2.1,,-7.9,-0.8,-6.3
350,Danny Young,ATL,0,0,,0,,0,0,,0,0,,0,0,0
351,Dansby Swanson,CHC,2.9,2.3,14,6.6,,5.3,20.6,,1.8,19.8,,47.4,4.7,37.8
352,Dany Jiménez,OAK,0,0,,0,,0,0,,0,0,,0,0,0
353,Darick Hall,PHI,-6,-1.2,-0.3,-1,,-7.2,-1.4,,0.2,1.7,,-6.6,-0.7,-5.3
354,Darin Ruf,2 Tms,-1.5,-0.4,0.2,-1.6,,-1.9,-1.4,,0.2,1.8,,-1.4,-0.1,-1.1
355,Darius Vines,ATL,0,0,,0,,0,0,,0,0,,0,0,0
356,Darren McCaughan,SEA,0,0,,0,,0,0,,0,0,,0,0,0
357,Daulton Varsho,TOR,-10.3,2.3,12.5,-3.5,,-8,9,,1.9,18,,21,2.1,16.7
358,Dauri Moreta,PIT,0,0,,0,,0,0,,0,0,,0,0,0
359,David Bednar,PIT,0,0,,0,,0,0,,0,0,,0,0,0
360,David Dahl,SDP,-0.7,0,-1.6,-0.1,,-0.7,-1.7,,0,0.3,,-2.1,-0.2,-1.7
361,David Fletcher,LAA,-3.5,-0.3,-1,0.8,,-3.8,-0.2,,0.3,3,,-0.6,-0.1,-0.5
362,David Fry,CLE,0.8,-0.1,-5.2,-0.2,,0.6,-5.3,,0.4,3.5,,-0.8,-0.1,-0.6
363,David Hamilton,BOS,-3.5,-0.1,-0.6,0.5,,-3.6,-0.1,,0.1,1.2,,-2.4,-0.2,-1.9
364,David Hensley,HOU,-10.2,0.2,0.1,-1.4,,-10,-1.3,,0.3,2.9,,-8,-0.8,-6.4
365,David Peralta,LAD,-9.3,-3.1,1,-5,,-12.4,-4,,1.2,13.1,,-2.1,-0.2,-1.7
366,David Peterson,NYM,0,0,,0,,0,0,,0,0,,0,0,0
367,David Robertson,2 Tms,0,0,,0,,0,0,,0,0,,0,0,0
368,David Villar,SFG,-8.2,-0.3,1.8,-0.4,,-8.5,1.4,,0.4,4.3,,-2.4,-0.2,-1.9
369,Davis Daniel,LAA,0,0,,0,,0,0,,0,0,,0,0,0
370,Davis Schneider,TOR,12.9,-0.3,2.3,-0.5,,12.6,1.8,,0.5,4.4,,19.3,1.9,15.4
371,Daysbel Hernández,ATL,0,0,,0,,0,0,,0,0,,0,0,0
372,Dean Kremer,BAL,0,0,,0,,0,0,,0,0,,0,0,0
373,Declan Cronin,CHW,0,0,,0,,0,0,,0,0,,0,0,0
374,Deivi García,2 Tms,0,0,,0,,0,0,,0,0,,0,0,0
375,Dennis Santana,NYM,0,0,,0,,0,0,,0,0,,0,0,0
376,Denyi Reyes,NYM,0,0,,0,,0,0,,0,0,,0,0,0
377,Dereck Rodríguez,2 Tms,0,0,,0,,0,0,,0,0,,0,0,0
378,Derek Hill,WSN,-5.4,0.4,1.3,0.2,,-5,1.5,,0.1,1.6,,-1.8,-0.2,-1.4
379,Derek Law,CIN,0,0,,0,,0,0,,0,0,,0,0,0
380,Devin Smeltzer,MIA,0,0,,0,,0,0,,0,0,,0,0,0
381,Devin Sweet,2 Tms,0,0,,0,,0,0,,0,0,,0,0,0
382,Devin Williams,MIL,0,0,,0,,0,0,,0,0,,0,0,0
383,Diego A. Castillo,ARI,-0.3,0,,0,,-0.3,0,,0,0,,-0.2,0,-0.2
384,Diego Castillo,SEA,0,0,,0,,0,0,,0,0,,0,0,0
385,Dinelson Lamet,2 Tms,0,0,,0,,0,0,,0,0,,0,0,0
386,DJ LeMahieu,NYY,0.8,-4.4,1.1,-3.2,,-3.7,-2.1,,1.8,17.4,,13.5,1.3,10.8
387,DJ Stewart,NYM,6.8,-0.1,-2.3,-2.6,,6.7,-4.9,,0.5,5.7,,8.1,0.8,6.4
388,DL Hall,BAL,0,0,,0,,0,0,,0,0,,0,0,0
389,Domingo Acevedo,OAK,0,0,,0,,0,0,,0,0,,0,0,0
390,Domingo Germán,NYY,0,0,,0,,0,0,,0,0,,0,0,0
391,Domingo Tapia,SDP,0,0,,0,,0,0,,0,0,,0,0,0
392,Dominic Canzone,2 Tms,-4.6,-1.3,-1.5,-3.2,,-5.9,-4.7,,0.6,5.7,,-4.4,-0.4,-3.5
393,Dominic Fletcher,ARI,1.6,-1.1,2.2,-0.4,,0.5,1.8,,0.3,3.2,,5.7,0.6,4.6
394,Dominic Leone,3 Tms,0,0,,0,,0,0,,0,0,,0,0,0
395,Dominic Smith,WSN,-7.1,-5.9,2.7,-10.8,,-13,-8,,1.6,18.2,,-1.2,-0.1,-1
396,Donovan Solano,MIN,8.9,-2.9,-3.3,-5.8,,6,-9,,1.4,14,,12.3,1.2,9.8
397,Drew Carlton,SDP,0,0,,0,,0,0,,0,0,,0,0,0
398,Drew Ellis,PHI,1.3,-0.5,0,-0.2,,0.8,-0.2,,0.1,0.9,,1.5,0.2,1.2
399,Drew Maggi,PIT,0.2,0,0.1,-0.1,,0.2,0,,0,0.2,,0.3,0,0.3
400,Drew Millas,WSN,1.2,0.1,-0.3,0.7,,1.3,0.4,,0.1,1,,2.8,0.3,2.2
401,Drew Rasmussen,TBR,0,0,,0,,0,0,,0,0,,0,0,0
402,Drew Rom,STL,0,0,,0,,0,0,,0,0,,0,0,0
403,Drew Rucinski,OAK,0,0,,0,,0,0,,0,0,,0,0,0
404,Drew Smith,NYM,0,0,,0,,0,0,,0,0,,0,0,0
405,Drew Smyly,CHC,0,0,,0,,0,0,,0,0,,0,0,0
406,Drew VerHagen,STL,0,0,,0,,0,0,,0,0,,0,0,0
407,Drew Waters,KCR,-7.3,1.2,4.7,-1.8,,-6.1,2.9,,1.1,10.5,,8.3,0.8,6.6
408,Drey Jameson,ARI,0,0,,0,,0,0,,0,0,,0,0,0
409,Duane Underwood Jr.,PIT,0,0,,0,,0,0,,0,0,,0,0,0
410,Dustin May,LAD,0,0,,0,,0,0,,0,0,,0,0,0
411,Dylan Carlson,STL,-5.1,0,-2.8,-0.5,,-5.1,-3.3,,0.7,7.9,,0.3,0,0.2
412,Dylan Cease,CHW,0,0,,0,,0,0,,0,0,,0,0,0
413,Dylan Coleman,KCR,0,0,,0,,0,0,,0,0,,0,0,0
414,Dylan Covey,2 Tms,0,0,,0,,0,0,,0,0,,0,0,0
415,Dylan Dodd,ATL,0,0,,0,,0,0,,0,0,,0,0,0
416,Dylan Floro,2 Tms,0,0,,0,,0,0,,0,0,,0,0,0
417,Dylan Lee,ATL,0,0,,0,,0,0,,0,0,,0,0,0
418,Dylan Moore,SEA,1,-0.1,-1,-1.1,,0.9,-2,,0.5,5.1,,4.5,0.4,3.6
419,Easton Lucas,OAK,0,0,,0,,0,0,,0,0,,0,0,0
420,Easton McGee,SEA,0,0,,0,,0,0,,0,0,,0,0,0
421,Eddie Rosario,ATL,-0.2,-1.9,3.4,-6.5,,-2.1,-3.1,,1.4,16,,12.3,1.2,9.8
422,Edgar Navarro,CHW,0,0,,0,,0,0,,0,0,,0,0,0
423,Edmundo Sosa,PHI,-3,0.6,1.1,1.6,,-2.4,2.7,,0.8,9.3,,10.5,1,8.4
424,Edouard Julien,MIN,17.6,-1.2,-0.1,-2.1,,16.4,-2.3,,1.3,12.7,,28.1,2.8,22.4
425,Eduard Bazardo,2 Tms,0,0,,0,,0,0,,0,0,,0,0,0
426,Eduardo Escobar,2 Tms,-12.8,-1.1,-5.3,0.4,,-13.9,-4.9,,0.9,9.6,,-8.3,-0.8,-6.6
427,Eduardo Rodriguez,DET,0,0,,0,,0,0,,0,0,,0,0,0
428,Eduardo Salazar,CIN,0,0,,0,,0,0,,0,0,,0,0,0
429,Edward Cabrera,MIA,0,0,,0,,0,0,,0,0,,0,0,0
430,Edward Olivares,KCR,2.2,0.4,-4.6,-6.7,,2.6,-11.4,,1.2,12,,4.5,0.4,3.6
431,Edwin Ríos,CHC,-2.8,-0.1,0.1,-1.1,,-2.9,-1,,0.1,1.1,,-2.7,-0.3,-2.2
432,Edwin Uceta,NYM,0,0,,0,,0,0,,0,0,,0,0,0
433,Eguy Rosario,SDP,0.3,0.2,0.6,0.1,,0.5,0.7,,0.1,1.1,,2.4,0.2,1.9
434,Ehire Adrianza,ATL,-2.4,0,-0.5,0.1,,-2.4,-0.4,,0,0.3,,-2.4,-0.2,-1.9
435,Elehuris Montero,COL,-9.3,-1.1,-4,-5.6,,-10.4,-9.6,,0.9,9.5,,-9.6,-1,-7.7
436,Eli Morgan,CLE,0,0,,0,,0,0,,0,0,,0,0,0
437,Eli White,ATL,-2.1,0,0.3,0.1,,-2.1,0.3,,0,0.5,,-1.2,-0.1,-1
438,Elias Díaz,COL,-12.5,-1.9,-13,7.7,,-14.4,-5.2,,1.5,16.3,,-1.8,-0.2,-1.4
439,Elly De La Cruz,CIN,-8.4,6.6,2.6,3.4,,-1.7,5.9,,1.2,13.3,,18.7,1.9,14.9
440,Eloy Jiménez,CHW,3,-1.3,-1.2,-11.9,,1.7,-13.1,,1.6,15.2,,5.4,0.5,4.3
441,Elvin Rodriguez,TBR,0,0,,0,,0,0,,0,0,,0,0,0
442,Elvis Andrus,CHW,-9.2,0.7,3.9,2.9,,-8.5,6.7,,1.3,12.6,,12.2,1.2,9.7
443,Elvis Peguero,MIL,0,0,,0,,0,0,,0,0,,0,0,0
444,Emerson Hancock,SEA,0,0,,0,,0,0,,0,0,,0,0,0
445,Emilio Pagán,MIN,0,0,,0,,0,0,,0,0,,0,0,0
446,Emmanuel Clase,CLE,0,0,,0,,0,0,,0,0,,0,0,0
447,Emmanuel Rivera,ARI,-6,-0.9,1,-0.7,,-6.8,0.4,,0.8,8.8,,3.1,0.3,2.5
448,Emmet Sheehan,LAD,0,0,,0,,0,0,,0,0,,0,0,0
449,Endy Rodríguez,PIT,-8.7,0.7,4.1,3.4,,-8.1,7.5,,0.6,6.3,,6.3,0.6,5
450,Enmanuel De Jesus,MIA,0,0,,0,,0,0,,0,0,,0,0,0
451,Enmanuel Valdez,BOS,0.4,0.6,-2.8,0.5,,1,-2.3,,0.5,4.6,,3.8,0.4,3
452,Enrique Hernández,2 Tms,-16.9,-1,-13.5,2.9,,-17.9,-10.7,,1.6,15.8,,-11.2,-1.1,-9
453,Enyel De Los Santos,CLE,0,0,,0,,0,0,,0,0,,0,0,0
454,Erasmo Ramírez,2 Tms,0,0,,0,,0,0,,0,0,,0,0,0
455,Eric Haase,2 Tms,-20.3,-0.5,-2.9,2.8,,-20.8,-0.1,,0.9,9.1,,-10.9,-1.1,-8.7
456,Eric Hosmer,CHC,-4.1,-0.2,0.4,-2.6,,-4.3,-2.2,,0.3,3.1,,-3.1,-0.3,-2.5
457,Eric Lauer,MIL,0,0,,0,,0,0,,0,0,,0,0,0
458,Erich Uelmen,PHI,0,0,,0,,0,0,,0,0,,0,0,0
459,Erik Swanson,TOR,0,0,,0,,0,0,,0,0,,0,0,0
460,Ernie Clement,TOR,2.8,0.5,0.5,0.3,,3.3,0.8,,0.2,1.6,,5.9,0.6,4.7
461,Esteury Ruiz,OAK,-8.1,8.4,-4.7,0.5,,0.2,-4.2,,1.6,15.4,,13,1.3,10.4
462,Estevan Florial,NYY,-1.5,0.7,0.7,0.3,,-0.8,1,,0.2,2.2,,2.6,0.3,2.1
463,Ethan Small,MIL,0,0,,0,,0,0,,0,0,,0,0,0
464,Eugenio Suárez,SEA,2.1,-2.5,7.9,2.1,,-0.4,10,,2.2,21.5,,33.4,3.3,26.6
465,Eury Pérez,MIA,0,0,,0,,0,0,,0,0,,0,0,0
466,Evan Carter,TEX,7.2,0,2.7,-0.7,,7.2,2,,0.2,2.3,,11.8,1.2,9.4
467,Evan Justice,COL,0,0,,0,,0,0,,0,0,,0,0,0
468,Evan Longoria,ARI,-2.5,-1.2,0.5,-2.2,,-3.7,-1.7,,0.7,7.4,,2.6,0.3,2.1
469,Evan Phillips,LAD,0,0,,0,,0,0,,0,0,,0,0,0
470,Everson Pereira,NYY,-9.5,0.5,1.1,-1.2,,-9,-0.2,,0.3,3.2,,-5.6,-0.6,-4.5
471,Ezequiel Duran,TEX,3.9,-2.6,-2.7,-1.7,,1.3,-4.4,,1.4,13.6,,12,1.2,9.6
472,Ezequiel Tovar,COL,-22.6,-0.8,11.3,6.8,,-23.5,18.1,,1.7,19.1,,15.4,1.5,12.3
473,Félix Bautista,BAL,0,0,,0,,0,0,,0,0,,0,0,0
474,Fernando Abad,COL,0,0,,0,,0,0,,0,0,,0,0,0
475,Fernando Cruz,CIN,0,0,,0,,0,0,,0,0,,0,0,0
476,Fernando Tatis Jr.,SDP,10,3,13.8,-6.3,,13.1,7.5,,1.8,19.7,,42.1,4.2,33.5
477,Forrest Wall,ATL,3.1,0.5,0,-0.4,,3.6,-0.4,,0,0.5,,3.7,0.4,2.9
478,Framber Valdez,HOU,0,0,,0,,0,0,,0,0,,0,0,0
479,Franchy Cordero,NYY,-1.6,0,-0.3,-0.8,,-1.6,-1.1,,0.2,2.2,,-0.3,0,-0.2
480,Francisco Alvarez,NYM,-1.4,-2.8,13.3,6.7,,-4.2,20,,1.2,13.1,,30.2,3,24.1
481,Francisco Lindor,NYM,18.2,3.7,3.7,6.9,,21.9,10.6,,1.9,21.3,,55.7,5.6,44.5
482,Francisco Mejía,TBR,-3.9,0,-5.9,3.3,,-3.9,-2.6,,0.5,5,,-1,-0.1,-0.8
483,Francisco Pérez,OAK,0,0,,0,,0,0,,0,0,,0,0,0
484,Frankie Montas,NYY,0,0,,0,,0,0,,0,0,,0,0,0
485,Franmil Reyes,KCR,-5.1,-0.4,-0.5,-1.5,,-5.5,-1.9,,0.2,2,,-5.2,-0.5,-4.2
486,Freddie Freeman,LAD,56.8,4.5,4.2,-11.8,,61.2,-7.6,,2.1,22.7,,78.3,7.8,62.5
487,Freddy Fermin,KCR,2.2,-0.2,4.5,4.1,,2,8.6,,0.8,7.3,,18.6,1.9,14.9
488,Freddy Peralta,MIL,0,0,,0,,0,0,,0,0,,0,0,0
489,Freddy Tarnok,OAK,0,0,,0,,0,0,,0,0,,0,0,0
490,Gabe Speier,SEA,0,0,,0,,0,0,,0,0,,0,0,0
491,Gabriel Arias,CLE,-10.7,0.5,4.1,0,,-10.2,4.1,,1.1,10.7,,5.7,0.6,4.6
492,Gabriel Moreno,ARI,1.2,-2.6,4.5,7.3,,-1.4,11.8,,1.1,11.8,,23.3,2.3,18.6
493,Garrett Acton,OAK,0,0,,0,,0,0,,0,0,,0,0,0
494,Garrett Cleavinger,TBR,0,0,,0,,0,0,,0,0,,0,0,0
495,Garrett Cooper,2 Tms,-2.3,-2.5,3.8,-9.5,,-4.9,-5.6,,1.3,14.2,,4.9,0.5,3.9
496,Garrett Crochet,CHW,0,0,,0,,0,0,,0,0,,0,0,0
497,Garrett Hampson,MIA,0.4,1.5,-4.5,0.7,,1.8,-3.8,,0.7,7.8,,6.5,0.7,5.2
498,Garrett Hill,DET,0,0,,0,,0,0,,0,0,,0,0,0
499,Garrett Mitchell,MIL,0.3,-0.1,-0.1,0.3,,0.2,0.2,,0.2,2.3,,2.8,0.3,2.3
500,Garrett Stubbs,PHI,-7.2,1,-3.7,2.6,,-6.2,-1.1,,0.4,3.9,,-3.1,-0.3,-2.5
501,Garrett Whitlock,BOS,0,0,,0,,0,0,,0,0,,0,0,0
502,Gary Sánchez,2 Tms,3.7,-0.8,1.1,3.8,,2.9,4.9,,0.8,8.3,,16.8,1.7,13.4
503,Gavin Hollowell,COL,0,0,,0,,0,0,,0,0,,0,0,0
504,Gavin Sheets,CHW,-16.1,-1,-4.4,-5.1,,-17.1,-9.5,,1.1,10.7,,-14.8,-1.5,-11.8
505,Gavin Stone,LAD,0,0,,0,,0,0,,0,0,,0,0,0
506,Gavin Williams,CLE,0,0,,0,,0,0,,0,0,,0,0,0
507,Génesis Cabrera,2 Tms,0,0,,0,,0,0,,0,0,,0,0,0
508,Geoff Hartlieb,MIA,0,0,,0,,0,0,,0,0,,0,0,0
509,George Kirby,SEA,0,0,,0,,0,0,,0,0,,0,0,0
510,George Soriano,MIA,0,0,,0,,0,0,,0,0,,0,0,0
511,George Springer,TOR,3.3,-0.4,0.2,-8.1,,2.9,-7.9,,2.2,21.2,,18.4,1.8,14.7
512,Geraldo Perdomo,ARI,-0.7,1.8,1,4.8,,1.1,5.8,,1.4,15.4,,23.6,2.4,18.8
513,Gerardo Reyes,LAA,0,0,,0,,0,0,,0,0,,0,0,0
514,Germán Márquez,COL,0,0,,0,,0,0,,0,0,,0,0,0
515,Gerrit Cole,NYY,0,0,,0,,0,0,,0,0,,0,0,0
516,Giancarlo Stanton,NYY,-5.6,-2.8,-2.5,-8.3,,-8.4,-10.8,,1.3,12.9,,-5.1,-0.5,-4
517,Gio Urshela,LAA,-2.2,-0.4,0.2,-0.5,,-2.6,-0.3,,0.7,7.1,,5,0.5,4
518,Giovanny Gallegos,STL,0,0,,0,,0,0,,0,0,,0,0,0
519,Glenn Otto,TEX,0,0,,0,,0,0,,0,0,,0,0,0
520,Gleyber Torres,NYY,18.2,-1.2,-3.2,0.9,,16.9,-2.3,,2.2,20.9,,37.6,3.8,30
521,Grae Kessinger,HOU,-1.5,-1.2,2.6,0.1,,-2.6,2.6,,0.1,1.4,,1.5,0.2,1.2
522,Graham Ashcraft,CIN,0,0,,0,,0,0,,0,0,,0,0,0
523,Grant Anderson,TEX,0,0,,0,,0,0,,0,0,,0,0,0
524,Grant Hartwig,NYM,0,0,,0,,0,0,,0,0,,0,0,0
525,Grayson Rodriguez,BAL,0,0,,0,,0,0,,0,0,,0,0,0
526,Greg Allen,NYY,0.8,0.1,0,-0.4,,1,-0.4,,0.1,0.9,,1.5,0.2,1.2
527,Greg Weissert,NYY,0,0,,0,,0,0,,0,0,,0,0,0
528,Gregory Santos,CHW,0,0,,0,,0,0,,0,0,,0,0,0
529,Gregory Soto,PHI,0,0,,0,,0,0,,0,0,,0,0,0
530,Griffin Canning,LAA,0,0,,0,,0,0,,0,0,,0,0,0
531,Griffin Jax,MIN,0,0,,0,,0,0,,0,0,,0,0,0
532,Guillermo Zuñiga,STL,0,0,,0,,0,0,,0,0,,0,0,0
533,Gunnar Henderson,BAL,17.1,5.8,0.4,2.8,,23,3.3,,2,19.3,,47.5,4.7,37.9
534,Gus Varland,2 Tms,0,0,,0,,0,0,,0,0,,0,0,0
535,Hagen Danner,TOR,0,0,,0,,0,0,,0,0,,0,0,0
536,Hanser Alberto,CHW,-2.9,-0.5,-2.7,0.3,,-3.4,-2.5,,0.3,2.8,,-2.7,-0.3,-2.2
537,Harold Castro,COL,-19,-1.1,-4.9,0.4,,-20.1,-4.5,,0.8,8.4,,-15.4,-1.5,-12.3
538,Harold Ramírez,TBR,14.5,-1.9,-2.3,-10.5,,12.6,-12.8,,1.4,13.5,,14.7,1.5,11.7
539,Harrison Bader,2 Tms,-12.5,3.6,6.4,1.2,,-8.9,7.6,,1.1,10.7,,10.4,1,8.3
540,Ha-Seong Kim,SDP,9,4.2,6.5,2.6,,13.1,9.1,,1.8,19.4,,43.4,4.3,34.7
541,Hayden Wesneski,CHC,0,0,,0,,0,0,,0,0,,0,0,0
542,Heath Hembree,TBR,0,0,,0,,0,0,,0,0,,0,0,0
543,Héctor Neris,HOU,0,0,,0,,0,0,,0,0,,0,0,0
544,Hector Perez,TBR,0,0,,0,,0,0,,0,0,,0,0,0
545,Heliot Ramos,SFG,-3.9,-0.1,1.1,-0.7,,-4,0.4,,0.2,1.9,,-1.5,-0.2,-1.2
546,Henry Davis,PIT,-7.4,-2.7,-4.2,-3.3,,-10.2,-7.5,,0.7,7.9,,-9.1,-0.9,-7.2
547,Henry Ramos,CIN,-1.8,-0.3,0.5,-1.5,,-2.1,-1,,0.2,2.7,,-0.2,0,-0.2
548,Heston Kjerstad,BAL,0.1,0.2,0.2,-0.8,,0.3,-0.6,,0.1,1,,0.9,0.1,0.7
549,Hobie Harris,WSN,0,0,,0,,0,0,,0,0,,0,0,0
550,Hoby Milner,MIL,0,0,,0,,0,0,,0,0,,0,0,0
551,Hogan Harris,OAK,0,0,,0,,0,0,,0,0,,0,0,0
552,Huascar Brazoban,MIA,0,0,,0,,0,0,,0,0,,0,0,0
553,Hunter Brown,HOU,0,0,,0,,0,0,,0,0,,0,0,0
554,Hunter Dozier,KCR,-5.7,1,-0.3,-0.4,,-4.7,-0.7,,0.3,2.8,,-2.3,-0.2,-1.8
555,Hunter Gaddis,CLE,0,0,,0,,0,0,,0,0,,0,0,0
556,Hunter Goodman,COL,-4.9,0.5,-0.4,-1.2,,-4.4,-1.7,,0.2,2.4,,-3.5,-0.3,-2.8
557,Hunter Greene,CIN,0,0,,0,,0,0,,0,0,,0,0,0
558,Hunter Harvey,WSN,0,0,,0,,0,0,,0,0,,0,0,0
559,Hunter Renfroe,2 Tms,-5.2,-1.6,-1.7,-6.5,,-6.8,-8.2,,1.7,17,,3.7,0.4,3
560,Hunter Stratton,PIT,0,0,,0,,0,0,,0,0,,0,0,0
561,Hyun Jin Ryu,TOR,0,0,,0,,0,0,,0,0,,0,0,0
562,Ian Gibaut,CIN,0,0,,0,,0,0,,0,0,,0,0,0
563,Ian Hamilton,NYY,0,0,,0,,0,0,,0,0,,0,0,0
564,Ian Happ,CHC,15,1.1,0.1,-7.3,,16.1,-7.2,,1.9,21.5,,32.4,3.2,25.8
565,Ian Kennedy,TEX,0,0,,0,,0,0,,0,0,,0,0,0
566,Ildemaro Vargas,WSN,-6.8,0.3,1,1.1,,-6.5,2.1,,0.8,8.9,,5.3,0.5,4.2
567,Irving Lopez,STL,-3.2,0,-0.1,0,,-3.2,-0.1,,0,0.4,,-2.8,-0.3,-2.2
568,Isaac Paredes,TBR,25.1,-1.9,-0.2,0.5,,23.2,0.3,,1.8,17.7,,43,4.3,34.3
569,Isaiah Campbell,SEA,0,0,,0,,0,0,,0,0,,0,0,0
570,Isan Díaz,2 Tms,-4.9,0,0,0.1,,-4.9,0.1,,0.1,0.8,,-4,-0.4,-3.2
571,Isiah Kiner-Falefa,NYY,-7.9,0,2.2,-0.5,,-8,1.6,,1.2,11.2,,6,0.6,4.8
572,Iván Herrera,STL,1.2,0,-0.5,0.8,,1.1,0.3,,0.1,1.4,,2.9,0.3,2.3
573,J.B. Bukauskas,2 Tms,0,0,,0,,0,0,,0,0,,0,0,0
574,J.C. Mejía,MIL,0,0,,0,,0,0,,0,0,,0,0,0
575,J.D. Davis,SFG,2.9,-2.4,4,-0.7,,0.5,3.3,,1.5,17,,22.3,2.2,17.8
576,J.D. Martinez,LAD,20.8,-0.8,0.1,-11.9,,20,-11.8,,1.3,14.9,,24.4,2.4,19.5
577,J.P. Crawford,SEA,26.1,-0.1,-6.8,6.5,,26,-0.3,,2,19.8,,47.6,4.7,37.9
578,J.P. France,HOU,0,0,,0,,0,0,,0,0,,0,0,0
579,J.P. Martínez,TEX,-2.7,0.4,-1.8,-0.6,,-2.3,-2.4,,0.1,1.4,,-3.2,-0.3,-2.6
580,J.T. Realmuto,PHI,1.2,-0.4,-8.1,9.8,,0.8,1.7,,1.5,16.8,,20.8,2.1,16.6
581,Jace Peterson,2 Tms,-13.4,2.1,-0.1,1.3,,-11.3,1.1,,1.3,13.4,,4.6,0.5,3.6
582,Jack Flaherty,2 Tms,0,0,,0,,0,0,,0,0,,0,0,0
583,Jack Suwinski,PIT,8.3,2.1,-2.1,0.4,,10.4,-1.6,,1.5,16.6,,26.8,2.7,21.4
584,Jackie Bradley Jr.,KCR,-13.3,-0.2,4.1,0,,-13.5,4.1,,0.4,3.5,,-5.5,-0.6,-4.4
585,Jackson Kowar,KCR,0,0,,0,,0,0,,0,0,,0,0,0
586,Jackson Rutledge,WSN,0,0,,0,,0,0,,0,0,,0,0,0
587,Jackson Stephens,ATL,0,0,,0,,0,0,,0,0,,0,0,0
588,Jackson Wolf,SDP,0,0,,0,,0,0,,0,0,,0,0,0
589,Jacob Amaya,MIA,-0.9,0.2,0.2,0.1,,-0.8,0.3,,0,0.3,,-0.2,0,-0.1
590,Jacob Barnes,STL,0,0,,0,,0,0,,0,0,,0,0,0
591,Jacob deGrom,TEX,0,0,,0,,0,0,,0,0,,0,0,0
592,Jacob Latz,TEX,0,0,,0,,0,0,,0,0,,0,0,0
593,Jacob Lopez,TBR,0,0,,0,,0,0,,0,0,,0,0,0
594,Jacob Stallings,MIA,-14.9,-3.1,-0.6,5.3,,-18,4.8,,0.8,8.6,,-3.9,-0.4,-3.1
595,Jacob Webb,2 Tms,0,0,,0,,0,0,,0,0,,0,0,0
596,Jacob Young,WSN,-2.7,3.7,3.1,0.4,,1.1,3.5,,0.3,3.8,,8.6,0.9,6.9
597,Jahmai Jones,MIL,-0.6,0.2,0,-0.4,,-0.4,-0.4,,0,0.3,,-0.4,0,-0.3
598,Jaime Barria,LAA,0,0,,0,,0,0,,0,0,,0,0,0
599,Jake Alu,WSN,-9.4,-0.9,1,-0.7,,-10.3,0.3,,0.5,5.4,,-4.1,-0.4,-3.3
600,Jake Bauers,NYY,-3.5,-2.4,-3.6,-3.6,,-5.9,-7.2,,0.9,8.4,,-3.8,-0.4,-3
601,Jake Bird,COL,0,0,,0,,0,0,,0,0,,0,0,0
602,Jake Burger,2 Tms,13.5,-0.8,-6.6,-1.8,,12.7,-8.4,,1.6,16.8,,22.8,2.3,18.2
603,Jake Cave,PHI,-8.5,1.4,1.7,-2.8,,-7.1,-1.1,,0.6,6.3,,-1.3,-0.1,-1
604,Jake Cousins,MIL,0,0,,0,,0,0,,0,0,,0,0,0
605,Jake Cronenworth,SDP,-5,2.4,0.2,-6.8,,-2.7,-6.6,,1.5,16.2,,8.4,0.8,6.7
606,Jake Diekman,2 Tms,0,0,,0,,0,0,,0,0,,0,0,0
607,Jake Faria,BOS,0,0,,0,,0,0,,0,0,,0,0,0
608,Jake Fraley,CIN,3.3,1.2,-0.8,-5.5,,4.5,-6.3,,1.1,11.8,,11.1,1.1,8.8
609,Jake Irvin,WSN,0,0,,0,,0,0,,0,0,,0,0,0
610,Jake Lamb,LAA,-2.3,-0.2,1.4,-0.9,,-2.5,0.5,,0.2,1.7,,-0.2,0,-0.1
611,Jake Marisnick,3 Tms,-1.5,-0.5,2.9,0,,-2,2.9,,0.3,2.6,,3.7,0.4,3
612,Jake McCarthy,ARI,-8.2,4.4,-2,-3,,-3.8,-5,,0.9,9.7,,1.7,0.2,1.4
613,Jake Meyers,HOU,-5.1,0.7,3.7,1.4,,-4.3,5,,1.1,10.6,,12.4,1.2,9.9
614,Jake Reed,LAD,0,0,,0,,0,0,,0,0,,0,0,0
615,Jake Rogers,DET,-1.3,-0.2,8,6.4,,-1.5,14.4,,1.2,11.3,,25.4,2.5,20.3
616,Jake Wong,CIN,0,0,,0,,0,0,,0,0,,0,0,0
617,Jake Woodford,STL,0,0,,0,,0,0,,0,0,,0,0,0
618,Jakob Junis,SFG,0,0,,0,,0,0,,0,0,,0,0,0
619,Jalen Beeks,TBR,0,0,,0,,0,0,,0,0,,0,0,0
620,James Kaprielian,OAK,0,0,,0,,0,0,,0,0,,0,0,0
621,James Karinchak,CLE,0,0,,0,,0,0,,0,0,,0,0,0
622,James McArthur,KCR,0,0,,0,,0,0,,0,0,,0,0,0
623,James McCann,BAL,-6.3,-0.4,-1.6,3.3,,-6.7,1.7,,0.7,7,,2.8,0.3,2.2
624,James Naile,STL,0,0,,0,,0,0,,0,0,,0,0,0
625,James Outman,LAD,12.9,3.4,3.5,1,,16.3,4.5,,1.6,17.6,,40,4,31.9
626,James Paxton,BOS,0,0,,0,,0,0,,0,0,,0,0,0
627,Jameson Taillon,CHC,0,0,,0,,0,0,,0,0,,0,0,0
628,Janson Junk,MIL,0,0,,0,,0,0,,0,0,,0,0,0
629,Jared Shuster,ATL,0,0,,0,,0,0,,0,0,,0,0,0
630,Jared Triolo,PIT,4.8,0.3,3.2,0.1,,5.1,3.3,,0.6,6.5,,15.4,1.5,12.3
631,Jared Walsh,LAA,-9.3,-0.1,-1.2,-2.1,,-9.4,-3.3,,0.4,3.6,,-8.7,-0.9,-6.9
632,Jared Young,CHC,-0.7,0.4,-2,-1,,-0.3,-3,,0.1,1.5,,-1.7,-0.2,-1.4
633,Jarred Kelenic,SEA,3.8,0.8,-0.2,-4.4,,4.7,-4.6,,1.3,12.9,,14.3,1.4,11.4
634,Jarren Duran,BOS,8.7,7.2,-3.2,0,,15.9,-3.2,,1.2,11.2,,25.1,2.5,20
635,Jason Adam,TBR,0,0,,0,,0,0,,0,0,,0,0,0
636,Jason Delay,PIT,-4.1,-0.9,5.5,4.1,,-5,9.6,,0.5,5.8,,11,1.1,8.7
637,Jason Foley,DET,0,0,,0,,0,0,,0,0,,0,0,0
638,Jason Heyward,LAD,9.6,-1.3,5.5,-3.9,,8.3,1.7,,1.1,11.7,,22.8,2.3,18.2
639,Jason Vosler,CIN,-4.7,0.2,0.2,-1,,-4.5,-0.8,,0.2,2,,-3,-0.3,-2.4
640,Jasson Domínguez,NYY,2.5,0.1,-0.9,0.1,,2.6,-0.8,,0.1,1,,2.9,0.3,2.3
641,Javier Assad,CHC,0,0,,0,,0,0,,0,0,,0,0,0
642,Javier Báez,DET,-25.3,2.3,6.2,5.1,,-23,11.3,,1.8,17,,7,0.7,5.6
643,Javy Guerra,2 Tms,0,0,,0,,0,0,,0,0,,0,0,0
644,Jay Jackson,TOR,0,0,,0,,0,0,,0,0,,0,0,0
645,Jazz Chisholm Jr.,MIA,1.3,3.8,0.3,1.2,,5.1,1.5,,1.1,11.9,,19.6,2,15.6
646,Jean Segura,MIA,-19.4,-1.6,-3.3,1.2,,-21,-2.1,,0.9,10.1,,-12,-1.2,-9.6
647,Jeff Brigham,NYM,0,0,,0,,0,0,,0,0,,0,0,0
648,Jeff Hoffman,PHI,0,0,,0,,0,0,,0,0,,0,0,0
649,Jeff Lindgren,MIA,0,0,,0,,0,0,,0,0,,0,0,0
650,Jeff McNeil,NYM,0.2,0.6,3,-1.1,,0.9,2,,1.8,20.1,,24.8,2.5,19.8
651,Jeffrey Springs,TBR,0,0,,0,,0,0,,0,0,,0,0,0
652,Jeimer Candelario,2 Tms,12.1,-0.1,0.5,-0.4,,12,0.1,,1.6,17.9,,31.6,3.1,25.2
653,Jeremiah Estrada,CHC,0,0,,0,,0,0,,0,0,,0,0,0
654,Jeremy Peña,HOU,-2.7,0.7,1.2,6.8,,-2,8,,2,19.7,,27.8,2.8,22.1
655,Jesse Chavez,ATL,0,0,,0,,0,0,,0,0,,0,0,0
656,Jesse Scholtens,CHW,0,0,,0,,0,0,,0,0,,0,0,0
657,Jesse Winker,MIL,-8.4,-1.1,0,-5.2,,-9.6,-5.2,,0.6,6.1,,-8.1,-0.8,-6.5
658,Jesús Aguilar,OAK,-2.6,-1.6,-0.4,-2.4,,-4.2,-2.8,,0.4,3.6,,-3,-0.3,-2.4
659,Jesús Luzardo,MIA,0,0,,0,,0,0,,0,0,,0,0,0
660,Jesús Sánchez,MIA,4.3,-0.3,1.6,-4.3,,4,-2.7,,1.1,12.5,,14.9,1.5,11.8
661,Jeter Downs,WSN,1.4,0.4,-1.5,0.1,,1.8,-1.4,,0,0.3,,0.7,0.1,0.6
662,Jeurys Familia,OAK,0,0,,0,,0,0,,0,0,,0,0,0
663,Jhoan Duran,MIN,0,0,,0,,0,0,,0,0,,0,0,0
664,Jhonathan Diaz,LAA,0,0,,0,,0,0,,0,0,,0,0,0
665,Jhony Brito,NYY,0,0,,0,,0,0,,0,0,,0,0,0
666,Ji Hwan Bae,PIT,-15.6,2.9,-1.9,1.5,,-12.7,-0.4,,1,11.5,,-0.6,-0.1,-0.5
667,Ji Man Choi,2 Tms,-5.1,-0.1,-0.7,-2.9,,-5.2,-3.6,,0.3,3.6,,-4.8,-0.5,-3.8
668,Jimmy Cordero,NYY,0,0,,0,,0,0,,0,0,,0,0,0
669,Jimmy Herget,LAA,0,0,,0,,0,0,,0,0,,0,0,0
670,Jimmy Lambert,CHW,0,0,,0,,0,0,,0,0,,0,0,0
671,Jimmy Yacabonis,NYM,0,0,,0,,0,0,,0,0,,0,0,0
672,JJ Bleday,OAK,-3.1,0.6,-1.3,-2.1,,-2.5,-3.4,,1,9.4,,4.4,0.4,3.5
673,Jo Adell,LAA,-1,0.3,1.1,-0.3,,-0.7,0.9,,0.2,1.9,,2.3,0.2,1.8
674,Joan Adon,WSN,0,0,,0,,0,0,,0,0,,0,0,0
675,Joc Pederson,SFG,5.6,0.1,-2.4,-9.6,,5.7,-12,,1.2,13.2,,8,0.8,6.4
676,Joe Barlow,TEX,0,0,,0,,0,0,,0,0,,0,0,0
677,Joe Boyle,OAK,0,0,,0,,0,0,,0,0,,0,0,0
678,Joe Jacques,BOS,0,0,,0,,0,0,,0,0,,0,0,0
679,Joe Jiménez,ATL,0,0,,0,,0,0,,0,0,,0,0,0
680,Joe Kelly,2 Tms,0,0,,0,,0,0,,0,0,,0,0,0
681,Joe La Sorsa,2 Tms,0,0,,0,,0,0,,0,0,,0,0,0
682,Joe Mantiply,ARI,0,0,,0,,0,0,,0,0,,0,0,0
683,Joe Musgrove,SDP,0,0,,0,,0,0,,0,0,,0,0,0
684,Joe Ryan,MIN,0,0,,0,,0,0,,0,0,,0,0,0
685,Joel Kuhnel,2 Tms,0,0,,0,,0,0,,0,0,,0,0,0
686,Joel Payamps,MIL,0,0,,0,,0,0,,0,0,,0,0,0
687,Joely Rodríguez,BOS,0,0,,0,,0,0,,0,0,,0,0,0
688,Joey Bart,SFG,-6,-0.2,0.9,2,,-6.2,2.9,,0.3,2.9,,-0.1,0,-0.1
689,Joey Estes,OAK,0,0,,0,,0,0,,0,0,,0,0,0
690,Joey Gallo,MIN,1.5,0.3,-0.1,-4.7,,1.8,-4.8,,1.1,10.3,,8.3,0.8,6.7
691,Joey Krehbiel,BAL,0,0,,0,,0,0,,0,0,,0,0,0
692,Joey Lucchesi,NYM,0,0,,0,,0,0,,0,0,,0,0,0
693,Joey Meneses,WSN,-3.6,-5.2,-1.3,-15.5,,-8.8,-16.8,,1.8,20.4,,-3.3,-0.3,-2.7
694,Joey Ortiz,BAL,-3.4,0,1,0.2,,-3.4,1.2,,0.1,1.1,,-1,-0.1,-0.8
695,Joey Votto,CIN,-0.5,-0.5,-1.7,-4.9,,-1,-6.7,,0.7,7.5,,0.5,0.1,0.4
696,Joey Wendle,MIA,-21,1.7,-2.9,3.9,,-19.2,0.9,,0.9,9.9,,-7.5,-0.7,-6
697,Joey Wentz,DET,0,0,,0,,0,0,,0,0,,0,0,0
698,Joey Wiemer,MIL,-12.7,0.6,7.5,1,,-12,8.5,,1.2,12.7,,10.4,1,8.3
699,Johan Camargo,SFG,-1.1,-0.1,-1.4,0.2,,-1.2,-1.2,,0.1,0.6,,-1.7,-0.2,-1.4
700,Johan Oviedo,PIT,0,0,,0,,0,0,,0,0,,0,0,0
701,Johan Quezada,MIA,0,0,,0,,0,0,,0,0,,0,0,0
702,Johan Rojas,PHI,1.9,3.2,3.4,0.6,,5.1,4,,0.5,5.1,,14.7,1.5,11.7
703,John Brebbia,SFG,0,0,,0,,0,0,,0,0,,0,0,0
704,John Curtiss,NYM,0,0,,0,,0,0,,0,0,,0,0,0
705,John King,2 Tms,0,0,,0,,0,0,,0,0,,0,0,0
706,John McMillon,KCR,0,0,,0,,0,0,,0,0,,0,0,0
707,John Means,BAL,0,0,,0,,0,0,,0,0,,0,0,0
708,John Schreiber,BOS,0,0,,0,,0,0,,0,0,,0,0,0
709,Johnny Cueto,MIA,0,0,,0,,0,0,,0,0,,0,0,0
710,JoJo Romero,STL,0,0,,0,,0,0,,0,0,,0,0,0
711,Jon Berti,MIA,1.4,2,2.3,2.2,,3.4,4.6,,1.2,13.2,,22.3,2.2,17.8
712,Jon Gray,TEX,0,0,,0,,0,0,,0,0,,0,0,0
713,Jon Singleton,2 Tms,-6.3,-0.6,0.2,-2.1,,-6.9,-1.8,,0.3,3.3,,-5.2,-0.5,-4.1
714,Jonah Bride,OAK,-6.4,-1.6,1.6,-0.3,,-7.9,1.2,,0.3,3.3,,-3.1,-0.3,-2.5
715,Jonah Heim,TEX,1.9,-0.7,12.2,7.8,,1.2,20,,1.6,15.6,,38.3,3.8,30.6
716,Jonathan Aranda,TBR,0.2,-0.2,-0.4,-1.9,,0,-2.3,,0.3,3.2,,1.2,0.1,0.9
717,Jonathan Araúz,NYM,-5.3,-0.1,-0.1,0.4,,-5.4,0.3,,0.2,2,,-2.8,-0.3,-2.3
718,Jonathan Bowlan,KCR,0,0,,0,,0,0,,0,0,,0,0,0
719,Jonathan Davis,MIA,-2,-0.5,-0.6,0.3,,-2.5,-0.2,,0.3,3.2,,0.8,0.1,0.6
720,Jonathan Heasley,KCR,0,0,,0,,0,0,,0,0,,0,0,0
721,Jonathan Hernández,TEX,0,0,,0,,0,0,,0,0,,0,0,0
722,Jonathan India,CIN,-0.4,2.6,-5.2,-0.1,,2.3,-5.3,,1.5,16.4,,14.9,1.5,11.9
723,Jonathan Loáisiga,NYY,0,0,,0,,0,0,,0,0,,0,0,0
724,Jonathan Ornelas,TEX,-0.8,0,0.2,0.1,,-0.8,0.2,,0,0.2,,-0.3,0,-0.3
725,Jonathan Schoop,DET,-8.5,-0.6,0.3,0.5,,-9.1,0.7,,0.5,4.7,,-3.2,-0.3,-2.5
726,Jonny DeLuca,LAD,0.1,0.4,1,-0.5,,0.5,0.5,,0.1,1.4,,2.6,0.3,2
727,Jordan Balazovic,MIN,0,0,,0,,0,0,,0,0,,0,0,0
728,Jordan Diaz,OAK,-7.6,-1.3,-6.8,-1.2,,-8.9,-8,,0.9,9.1,,-6.8,-0.7,-5.5
729,Jordan Hicks,2 Tms,0,0,,0,,0,0,,0,0,,0,0,0
730,Jordan Lawlar,ARI,-4.4,-0.3,1.3,0.4,,-4.7,1.7,,0.1,1.1,,-1.9,-0.2,-1.5
731,Jordan Luplow,2 Tms,-1.8,0.9,0.2,-1.3,,-0.9,-1.1,,0.3,2.8,,1.1,0.1,0.9
732,Jordan Lyles,KCR,0,0,,0,,0,0,,0,0,,0,0,0
733,Jordan Montgomery,2 Tms,0,0,,0,,0,0,,0,0,,0,0,0
734,Jordan Romano,TOR,0,0,,0,,0,0,,0,0,,0,0,0
735,Jordan Walker,STL,9.3,-0.2,-9.5,-5.5,,9.2,-15.1,,1.3,14.4,,9.9,1,7.9
736,Jordan Weems,WSN,0,0,,0,,0,0,,0,0,,0,0,0
737,Jordan Westburg,BAL,-0.7,0.9,1.4,0.7,,0.1,2.1,,0.7,7.1,,10.1,1,8
738,Jordan Wicks,CHC,0,0,,0,,0,0,,0,0,,0,0,0
739,Jordyn Adams,LAA,-6.9,-0.7,-1.9,-0.3,,-7.6,-2.2,,0.1,1.2,,-8.5,-0.8,-6.7
740,Jorge Alcala,MIN,0,0,,0,,0,0,,0,0,,0,0,0
741,Jorge Alfaro,2 Tms,-4.9,-0.1,-0.6,-0.3,,-5,-0.9,,0.2,1.6,,-4.1,-0.4,-3.3
742,Jorge López,3 Tms,0,0,,0,,0,0,,0,0,,0,0,0
743,Jorge Mateo,BAL,-13.8,6.1,-1.7,4.2,,-7.7,2.4,,1.1,10.9,,6.8,0.7,5.4
744,Jorge Polanco,MIN,7.4,-0.1,-4.3,-0.4,,7.3,-4.7,,1.1,10.6,,14.3,1.4,11.4
745,Jorge Soler,MIA,19,-2.8,-4.4,-12.3,,16.2,-16.6,,1.6,18,,19.2,1.9,15.3
746,Jose A. Ferrer,WSN,0,0,,0,,0,0,,0,0,,0,0,0
747,José Abreu,HOU,-9.6,-2.5,-1.8,-10.9,,-12.1,-12.7,,1.9,18.4,,-4.5,-0.5,-3.6
748,Jose Altuve,HOU,26.7,0.1,-0.8,1.2,,26.7,0.3,,1.3,12.7,,41.1,4.1,32.8
749,José Alvarado,PHI,0,0,,0,,0,0,,0,0,,0,0,0
750,José Azocar,SDP,-2.8,0.8,-2,-0.7,,-1.9,-2.7,,0.3,3.2,,-1.2,-0.1,-0.9
751,Jose Barrero,CIN,-6.4,-0.3,-4.2,1.2,,-6.7,-3,,0.4,4.6,,-4.6,-0.5,-3.7
752,José Berríos,TOR,0,0,,0,,0,0,,0,0,,0,0,0
753,José Buttó,NYM,0,0,,0,,0,0,,0,0,,0,0,0
754,José Caballero,SEA,-1.2,3,5.9,0.8,,1.8,6.7,,0.9,8.7,,18.1,1.8,14.4
755,José Castillo,SDP,0,0,,0,,0,0,,0,0,,0,0,0
756,José Cisnero,DET,0,0,,0,,0,0,,0,0,,0,0,0
757,Jose Cuas,2 Tms,0,0,,0,,0,0,,0,0,,0,0,0
758,José De León,MIN,0,0,,0,,0,0,,0,0,,0,0,0
759,Jose Espada,SDP,0,0,,0,,0,0,,0,0,,0,0,0
760,José Fermín,STL,-1.8,-0.7,0.5,0.2,,-2.6,0.8,,0.2,1.9,,0.3,0,0.2
761,Jose Hernandez,PIT,0,0,,0,,0,0,,0,0,,0,0,0
762,Jose Herrera,ARI,-6.5,-1.2,-4.1,2.6,,-7.7,-1.5,,0.3,3.7,,-5.1,-0.5,-4.1
763,José Leclerc,TEX,0,0,,0,,0,0,,0,0,,0,0,0
764,José Lopez,TBR,0,0,,0,,0,0,,0,0,,0,0,0
765,José Marte,LAA,0,0,,0,,0,0,,0,0,,0,0,0
766,Jose Miranda,MIN,-7.9,0.1,-4.3,0.2,,-7.8,-4.1,,0.5,4.7,,-6.7,-0.7,-5.3
767,José Quijada,LAA,0,0,,0,,0,0,,0,0,,0,0,0
768,Jose Quintana,NYM,0,0,,0,,0,0,,0,0,,0,0,0
769,José Ramírez,CLE,18.9,2.5,3.7,-1.5,,21.4,2.3,,2.2,21.5,,47.3,4.7,37.7
770,José Rodríguez,SEA,0,0,,0,,0,0,,0,0,,0,0,0
771,José Rodríguez,CHW,0,0,0.1,0,,0,0.1,,0,0,,0.1,0,0
772,José Ruiz,2 Tms,0,0,,0,,0,0,,0,0,,0,0,0
773,Jose Siri,TBR,2.8,2.2,7.2,1.3,,5.1,8.6,,1.2,11.3,,26.1,2.6,20.8
774,José Soriano,LAA,0,0,,0,,0,0,,0,0,,0,0,0
775,José Suarez,LAA,0,0,,0,,0,0,,0,0,,0,0,0
776,José Tena,CLE,-1.4,-0.2,-1.6,0.2,,-1.6,-1.4,,0.1,1.1,,-1.8,-0.2,-1.4
777,Jose Trevino,NYY,-8.5,-1.3,8,3.7,,-9.8,11.7,,0.5,5.2,,7.6,0.8,6.1
778,José Ureña,2 Tms,0,0,,0,,0,0,,0,0,,0,0,0
779,José Urquidy,HOU,0,0,,0,,0,0,,0,0,,0,0,0
780,Josh Bell,2 Tms,3.6,-4.6,-1.9,-13.8,,-1.1,-15.7,,1.9,19.2,,4.3,0.4,3.4
781,Josh Donaldson,2 Tms,-4.9,-0.6,0.5,-0.4,,-5.5,0.1,,0.6,5.9,,1,0.1,0.8
782,Josh Fleming,TBR,0,0,,0,,0,0,,0,0,,0,0,0
783,Josh Hader,SDP,0,0,,0,,0,0,,0,0,,0,0,0
784,Josh Harrison,PHI,-6.9,0.2,-3.4,-0.1,,-6.7,-3.5,,0.3,3.5,,-6.3,-0.6,-5
785,Josh Jung,TEX,6.3,-3.4,3.3,1.8,,2.9,5.1,,1.7,16,,25.7,2.6,20.5
786,Josh Lester,BAL,-2.5,-0.1,0.3,-0.4,,-2.5,-0.1,,0.1,0.7,,-1.8,-0.2,-1.5
787,Josh Lowe,TBR,18.6,4.8,1.2,-6.2,,23.4,-4.9,,1.6,15.6,,35.6,3.6,28.4
788,Josh Naylor,CLE,16.7,-1.8,4.8,-9.4,,14.9,-4.6,,1.6,15.4,,27.3,2.7,21.8
789,Josh Rojas,2 Tms,-9.7,2.5,4.4,0.7,,-7.2,5,,1,10.9,,9.8,1,7.8
790,Josh Sborz,TEX,-0.3,0,,0.2,,-0.3,0.2,,0,0,,0,0,0
791,Josh Smith,TEX,-6.2,0.3,-1.9,-0.2,,-6,-2.1,,0.7,7.2,,-0.1,0,-0.1
792,Josh Staumont,KCR,0,0,,0,,0,0,,0,0,,0,0,0
793,Josh Taylor,KCR,0,0,,0,,0,0,,0,0,,0,0,0
794,Josh Walker,NYM,0,0,,0,,0,0,,0,0,,0,0,0
795,Josh Winckowski,BOS,0,0,,0,,0,0,,0,0,,0,0,0
796,Josh Winder,MIN,0,0,,0,,0,0,,0,0,,0,0,0
797,Joshua Palacios,PIT,-5.7,1.1,0.4,-2.6,,-4.6,-2.2,,0.7,8.2,,2.1,0.2,1.7
798,Josiah Gray,WSN,0,0,,0,,0,0,,0,0,,0,0,0
799,Jovani Moran,MIN,0,0,,0,,0,0,,0,0,,0,0,0
800,JP Sears,OAK,0,0,,0,,0,0,,0,0,,0,0,0
801,JT Chargois,MIA,0,0,,0,,0,0,,0,0,,0,0,0
802,Juan Soto,SDP,48.3,-0.9,-2.4,-7.6,,47.4,-10,,2,22,,61.4,6.1,49
803,Juan Then,SEA,0,0,,0,,0,0,,0,0,,0,0,0
804,Juan Yepez,STL,-4,-0.9,-1.3,-1.3,,-4.9,-2.6,,0.2,2,,-5.3,-0.5,-4.2
805,Julian Merryweather,CHC,0,0,,0,,0,0,,0,0,,0,0,0
806,Julio Rodríguez,SEA,22.4,5.2,2.4,2,,27.6,4.4,,2.3,22.2,,56.4,5.6,45
807,Julio Teheran,MIL,0,0,,0,,0,0,,0,0,,0,0,0
808,Julio Urías,LAD,0,0,,0,,0,0,,0,0,,0,0,0
809,Juniel Querecuto,STL,-3.2,0.1,1.4,0,,-3.1,1.5,,0.1,0.7,,-0.9,-0.1,-0.7
810,Junior Caminero,TBR,-1,-0.1,0.6,-0.1,,-1.1,0.5,,0.1,1.1,,0.7,0.1,0.5
811,Jurickson Profar,2 Tms,-15.4,-2.4,-10.6,-6.3,,-17.8,-16.8,,1.5,16.2,,-17,-1.7,-13.6
812,Justin Bruihl,2 Tms,0,0,,0,,0,0,,0,0,,0,0,0
813,Justin Garza,BOS,0,0,,0,,0,0,,0,0,,0,0,0
814,Justin Lawrence,COL,0,0,,0,,0,0,,0,0,,0,0,0
815,Justin Martinez,ARI,0,0,,0,,0,0,,0,0,,0,0,0
816,Justin Steele,CHC,0,0,,0,,0,0,,0,0,,0,0,0
817,Justin Topa,SEA,0,0,,0,,0,0,,0,0,,0,0,0
818,Justin Turner,BOS,10.8,-5.2,-3.6,-12.9,,5.6,-16.5,,2,19.4,,10.5,1,8.4
819,Justin Verlander,2 Tms,0,0,,0,,0,0,,0,0,,0,0,0
820,Kaleb Ort,BOS,0,0,,0,,0,0,,0,0,,0,0,0
821,Karl Kauffmann,COL,0,0,,0,,0,0,,0,0,,0,0,0
822,Keaton Winn,SFG,0,0,,0,,0,0,,0,0,,0,0,0
823,Ke'Bryan Hayes,PIT,0.7,-0.1,12.4,1.6,,0.6,13.9,,1.5,16.3,,32.3,3.2,25.7
824,Keegan Akin,BAL,0,0,,0,,0,0,,0,0,,0,0,0
825,Keegan Thompson,CHC,0,0,,0,,0,0,,0,0,,0,0,0
826,Keibert Ruiz,WSN,-5,-5.5,-21.5,7,,-10.5,-14.5,,1.6,17.4,,-6,-0.6,-4.8
827,Kelvin Caceres,LAA,0,0,,0,,0,0,,0,0,,0,0,0
828,Ken Waldichuk,OAK,0,0,,0,,0,0,,0,0,,0,0,0
829,Kendall Graveman,2 Tms,0,0,,0,,0,0,,0,0,,0,0,0
830,Kenley Jansen,BOS,0,0,,0,,0,0,,0,0,,0,0,0
831,Kenny Rosenberg,LAA,0,0,,0,,0,0,,0,0,,0,0,0
832,Kenta Maeda,MIN,0,0,,0,,0,0,,0,0,,0,0,0
833,Kerry Carpenter,DET,11.8,0.1,-0.4,-6.6,,11.9,-7.1,,1.5,14.3,,20.5,2,16.4
834,Ketel Marte,ARI,21.6,0,-1.2,1.6,,21.6,0.4,,1.8,20.2,,43.9,4.4,35
835,Kevin Gausman,TOR,0,0,,0,,0,0,,0,0,,0,0,0
836,Kevin Ginkel,ARI,0,0,,0,,0,0,,0,0,,0,0,0
837,Kevin Herget,CIN,0,0,,0,,0,0,,0,0,,0,0,0
838,Kevin Kelly,TBR,0,0,,0,,0,0,,0,0,,0,0,0
839,Kevin Kiermaier,TOR,2.1,3.1,7.4,1.7,,5.2,9.1,,1.3,12.7,,28.2,2.8,22.5
840,Kevin Newman,CIN,-6.8,1,-2.8,0,,-5.8,-2.8,,0.7,7.9,,-0.1,0,-0.1
841,Kevin Padlo,LAA,-1.1,0,-0.5,-0.1,,-1.1,-0.6,,0,0.2,,-1.4,-0.1,-1.1
842,Kevin Pillar,ATL,-7.4,0.8,4.1,-2,,-6.6,2.1,,0.6,6.4,,2.5,0.2,2
843,Kevin Smith,OAK,-8.8,-0.4,-1.8,1.3,,-9.2,-0.5,,0.5,4.5,,-4.7,-0.5,-3.8
844,Keynan Middleton,2 Tms,0,0,,0,,0,0,,0,0,,0,0,0
845,Kirby Snead,OAK,0,0,,0,,0,0,,0,0,,0,0,0
846,Kirby Yates,ATL,0,0,,0,,0,0,,0,0,,0,0,0
847,Kodai Senga,NYM,0,0,,0,,0,0,,0,0,,0,0,0
848,Kody Clemens,PHI,-5,0.2,2.8,-2.9,,-4.8,-0.1,,0.4,4.6,,0.2,0,0.1
849,Kody Funderburk,MIN,0,0,,0,,0,0,,0,0,,0,0,0
850,Kolby Allard,ATL,0,0,,0,,0,0,,0,0,,0,0,0
851,Kole Calhoun,CLE,-3.9,-1,0.6,-3.5,,-4.9,-2.9,,0.6,5.4,,-1.8,-0.2,-1.4
852,Kolten Wong,2 Tms,-15.5,0,-1.3,0.6,,-15.5,-0.7,,0.8,7.8,,-7.7,-0.8,-6.1
853,Kolton Ingram,LAA,0,0,,0,,0,0,,0,0,,0,0,0
854,Konnor Pilkington,CLE,0,0,,0,,0,0,,0,0,,0,0,0
855,Korey Lee,CHW,-10.7,-0.9,-1.5,1.6,,-11.5,0.1,,0.2,2.2,,-9,-0.9,-7.2
856,Kris Bryant,COL,-11.4,-2,-5.3,-5.2,,-13.4,-10.5,,0.9,10.4,,-12.6,-1.3,-10
857,Kris Bubic,KCR,0,0,,0,,0,0,,0,0,,0,0,0
858,Kutter Crawford,BOS,0,0,,0,,0,0,,0,0,,0,0,0
859,Kyle Barraclough,BOS,0,0,,0,,0,0,,0,0,,0,0,0
860,Kyle Bradish,BAL,0,0,,0,,0,0,,0,0,,0,0,0
861,Kyle Farmer,MIN,0.5,-1.4,1.2,2.1,,-0.9,3.3,,1.2,11.5,,15.1,1.5,12.1
862,Kyle Finnegan,WSN,0,0,,0,,0,0,,0,0,,0,0,0
863,Kyle Freeland,COL,0,0,,0,,0,0,,0,0,,0,0,0
864,Kyle Garlick,MIN,-0.8,-0.1,0,-0.5,,-1,-0.5,,0.1,0.9,,-0.5,0,-0.4
865,Kyle Gibson,BAL,0,0,,0,,0,0,,0,0,,0,0,0
866,Kyle Harrison,SFG,0,0,,0,,0,0,,0,0,,0,0,0
867,Kyle Hendricks,CHC,0,0,,0,,0,0,,0,0,,0,0,0
868,Kyle Higashioka,NYY,-4.2,-0.5,4.5,5.3,,-4.7,9.8,,0.8,8.1,,14,1.4,11.2
869,Kyle Hurt,LAD,0,0,,0,,0,0,,0,0,,0,0,0
870,Kyle Isbel,KCR,-9.3,2.8,5.8,1.1,,-6.6,6.9,,1,9.7,,11.1,1.1,8.8
871,Kyle Leahy,STL,0,0,,0,,0,0,,0,0,,0,0,0
872,Kyle Lewis,ARI,-5.3,-0.1,0,-1.2,,-5.3,-1.2,,0.2,1.7,,-4.7,-0.5,-3.7
873,Kyle Muller,OAK,0,0,,0,,0,0,,0,0,,0,0,0
874,Kyle Nelson,ARI,0,0,,0,,0,0,,0,0,,0,0,0
875,Kyle Nicolas,PIT,0,0,,0,,0,0,,0,0,,0,0,0
876,Kyle Schwarber,PHI,17.2,-4.5,-17.1,-10.6,,12.7,-27.8,,2,22.4,,9.3,0.9,7.4
877,Kyle Stowers,BAL,-5.4,0,0.9,-0.5,,-5.4,0.4,,0.1,1,,-3.9,-0.4,-3.1
878,Kyle Tucker,HOU,32.1,4,-2.3,-7.2,,36.1,-9.6,,2.2,20.9,,49.6,4.9,39.6
879,Kyle Wright,ATL,0,0,,0,,0,0,,0,0,,0,0,0
880,Kyren Paris,LAA,-6.2,0.1,1,0.3,,-6.1,1.3,,0.1,1.4,,-3.1,-0.3,-2.5
881,LaMonte Wade Jr.,SFG,13.9,-1.5,-2.5,-8.5,,12.4,-11,,1.5,16.1,,18.9,1.9,15.1
882,Lance Lynn,2 Tms,0,0,,0,,0,0,,0,0,,0,0,0
883,Lane Ramsey,CHW,0,0,,0,,0,0,,0,0,,0,0,0
884,Lane Thomas,WSN,7.3,1.7,5.4,-6.7,,9,-1.2,,1.9,21.2,,30.8,3.1,24.6
885,Lars Nootbaar,STL,11.3,1.8,1.7,-1.3,,13.2,0.4,,1.4,15.6,,30.6,3.1,24.4
886,Lawrence Butler,OAK,-6.2,-0.3,-0.1,0.4,,-6.5,0.3,,0.4,4,,-1.7,-0.2,-1.4
887,Lenyn Sosa,CHW,-10.9,-0.9,-1.3,0.7,,-11.8,-0.6,,0.6,5.4,,-6.4,-0.6,-5.1
888,Leody Taveras,TEX,-1.6,2.7,0.6,1.9,,1.1,2.5,,1.8,17.2,,22.6,2.3,18
889,Levi Stoudt,CIN,0,0,,0,,0,0,,0,0,,0,0,0
890,Liam Hendriks,CHW,0,0,,0,,0,0,,0,0,,0,0,0
891,Liover Peguero,PIT,-6.9,0.3,-1,1.8,,-6.6,0.8,,0.6,6.6,,1.4,0.1,1.1
892,Livan Soto,LAA,0,-0.4,-1.2,0.1,,-0.4,-1.1,,0,0.4,,-1.1,-0.1,-0.9
893,Logan Allen,CLE,0,0,,0,,0,0,,0,0,,0,0,0
894,Logan Gilbert,SEA,0,0,,0,,0,0,,0,0,,0,0,0
895,Logan Gillaspie,BAL,0,0,,0,,0,0,,0,0,,0,0,0
896,Logan O'Hoppe,LAA,3,-1.6,-8.8,3.5,,1.4,-5.3,,0.6,6.2,,3,0.3,2.4
897,Logan Porter,KCR,-0.8,-1.2,0.3,0.7,,-2,1.1,,0.1,1.2,,0.4,0,0.3
898,Logan Webb,SFG,0,0,,0,,0,0,,0,0,,0,0,0
899,Louie Varland,MIN,0,0,,0,,0,0,,0,0,,0,0,0
900,Lourdes Gurriel Jr.,ARI,4.2,0.1,5.2,-9.4,,4.3,-4.2,,1.7,18.4,,20.2,2,16.1
901,Lucas Erceg,OAK,0,0,,0,,0,0,,0,0,,0,0,0
902,Lucas Giolito,3 Tms,0,0,,0,,0,0,,0,0,,0,0,0
903,Lucas Luetge,ATL,0,0,,0,,0,0,,0,0,,0,0,0
904,Lucas Sims,CIN,0,0,,0,,0,0,,0,0,,0,0,0
905,Luis Arraez,MIA,24.5,-1.4,-10.4,1,,23.1,-9.3,,1.7,19.2,,34.7,3.5,27.7
906,Luis Campusano,SDP,7.4,-1.8,-3.1,2.2,,5.6,-0.8,,0.5,5.4,,10.7,1.1,8.5
907,Luis Castillo,SEA,0,0,,0,,0,0,,0,0,,0,0,0
908,Luis Cessa,CIN,0,0,,0,,0,0,,0,0,,0,0,0
909,Luis F. Ortiz,PHI,0,0,,0,,0,0,,0,0,,0,0,0
910,Luis Frías,ARI,0,0,,0,,0,0,,0,0,,0,0,0
911,Luis Garcia,HOU,0,0,,0,,0,0,,0,0,,0,0,0
912,Luis García,SDP,0,0,,0,,0,0,,0,0,,0,0,0
913,Luis García Jr.,WSN,-9.7,-0.4,-3.2,1.7,,-10.2,-1.5,,1.4,15,,4.7,0.5,3.7
914,Luis Guillorme,NYM,-4.5,-0.2,-3.3,0.5,,-4.7,-2.8,,0.3,3.7,,-3.4,-0.3,-2.7
915,Luis L. Ortiz,PIT,0,0,,0,,0,0,,0,0,,0,0,0
916,Luis Matos,SFG,-4.2,-0.4,-7.6,-0.2,,-4.6,-7.8,,0.7,7.9,,-3.9,-0.4,-3.1
917,Luis Medina,OAK,0,0,,0,,0,0,,0,0,,0,0,0
918,Luis Patiño,2 Tms,0,0,,0,,0,0,,0,0,,0,0,0
919,Luis Rengifo,LAA,7.5,-0.5,-7.1,1.5,,6.9,-5.6,,1.4,13.8,,16.6,1.7,13.2
920,Luis Robert Jr.,CHW,20.2,-0.1,6.7,2.1,,20,8.7,,1.9,18.5,,49.1,4.9,39.2
921,Luis Severino,NYY,0,0,,0,,0,0,,0,0,,0,0,0
922,Luis Torrens,2 Tms,-0.7,0,-0.2,-0.8,,-0.7,-1.1,,0.1,0.9,,-0.7,-0.1,-0.6
923,Luis Urías,2 Tms,-3.8,-0.9,-2.3,0.7,,-4.7,-1.6,,0.5,5.5,,-0.2,0,-0.2
924,Luke Jackson,SFG,0,0,,0,,0,0,,0,0,,0,0,0
925,Luke Little,CHC,0,0,,0,,0,0,,0,0,,0,0,0
926,Luke Maile,CIN,-3.5,-0.8,-2.2,4.2,,-4.3,2,,0.6,6.2,,4.4,0.4,3.5
927,Luke Raley,TBR,14.6,2,0.7,-6,,16.6,-5.3,,1.3,12.6,,25.2,2.5,20.1
928,Luke Voit,MIL,-4.3,-0.5,-0.3,-1.9,,-4.8,-2.2,,0.2,2.3,,-4.6,-0.5,-3.6
929,Luke Weaver,3 Tms,0,0,,0,,0,0,,0,0,,0,0,0
930,Luke Williams,2 Tms,-4.3,0,-0.8,0,,-4.3,-0.9,,0.1,0.6,,-4.5,-0.5,-3.6
931,Luken Baker,STL,-2.6,-1.5,-0.6,-2.3,,-4.1,-3,,0.3,3.1,,-3.7,-0.4,-2.9
932,Lyon Richardson,CIN,0,0,,0,,0,0,,0,0,,0,0,0
933,MacKenzie Gore,WSN,0,0,,0,,0,0,,0,0,,0,0,0
934,Madison Bumgarner,ARI,0,0,,0,,0,0,,0,0,,0,0,0
935,Maikel Garcia,KCR,-9.9,1.3,10.5,1.5,,-8.6,12,,1.7,16,,21,2.1,16.8
936,Manny Machado,SDP,10.6,-2.4,8.3,-2,,8.2,6.3,,1.7,18.7,,34.9,3.5,27.8
937,Manny Piña,OAK,0,0,-0.6,-0.1,,0,-0.7,,0,0.4,,-0.3,0,-0.2
938,Manuel Margot,TBR,-2.8,-2.1,-0.2,-0.8,,-4.9,-1,,1.1,10.4,,5.6,0.6,4.5
939,Marcell Ozuna,ATL,28.7,-2.1,-0.2,-15.3,,26.6,-15.5,,1.7,18.4,,31.2,3.1,24.9
940,Marco Gonzales,SEA,0,0,,0,,0,0,,0,0,,0,0,0
941,Marco Luciano,SFG,-0.8,0.2,-0.1,0.4,,-0.6,0.4,,0.1,1.4,,1.3,0.1,1
942,Marcus Semien,TEX,21.8,1.3,9.5,2.4,,23.1,11.9,,2.4,23.4,,60.8,6.1,48.5
943,Marcus Stroman,CHC,0,0,,0,,0,0,,0,0,,0,0,0
944,Mark Canha,2 Tms,6.9,1,-0.1,-8.1,,7.9,-8.3,,1.4,15.7,,16.8,1.7,13.4
945,Mark Kolozsvary,BAL,0,0,0,0,,0,0,,0,0,,0,0,0
946,Mark Leiter Jr.,CHC,0,0,,0,,0,0,,0,0,,0,0,0
947,Mark Mathias,2 Tms,-2.6,-0.4,-3.5,0,,-3,-3.5,,0.2,2.2,,-4.1,-0.4,-3.2
948,Mark Vientos,NYM,-8.9,-1.2,-0.9,-4.3,,-10.2,-5.2,,0.7,7.2,,-7.5,-0.7,-6
949,Martín Maldonado,HOU,-16.4,-1.7,-13.1,8.6,,-18.2,-4.5,,1.3,12.6,,-8.7,-0.9,-7
950,Martín Pérez,TEX,0,0,,0,,0,0,,0,0,,0,0,0
951,Masataka Yoshida,BOS,6.6,-1.9,-9.6,-9,,4.7,-18.5,,1.9,18,,6,0.6,4.8
952,Mason Englert,DET,0,0,,0,,0,0,,0,0,,0,0,0
953,Mason McCoy,TOR,-0.3,0.1,-0.4,0,,-0.2,-0.3,,0,0,,-0.5,-0.1,-0.4
954,Mason Miller,OAK,0,0,,0,,0,0,,0,0,,0,0,0
955,Mason Thompson,WSN,0,0,,0,,0,0,,0,0,,0,0,0
956,Masyn Winn,STL,-12.1,0.2,-2.6,1.6,,-11.9,-0.9,,0.4,4.3,,-8.2,-0.8,-6.5
957,Matt Barnes,MIA,0,0,,0,,0,0,,0,0,,0,0,0
958,Matt Beaty,2 Tms,-1.3,-0.9,-0.6,-1.8,,-2.2,-2.4,,0.2,2.2,,-2.1,-0.2,-1.7
959,Matt Bowman,NYY,0,0,,0,,0,0,,0,0,,0,0,0
960,Matt Brash,SEA,0,0,,0,,0,0,,0,0,,0,0,0
961,Matt Bush,MIL,0,0,,0,,0,0,,0,0,,0,0,0
962,Matt Carasiti,COL,0,0,,0,,0,0,,0,0,,0,0,0
963,Matt Carpenter,SDP,-4,-0.8,-0.6,-6.4,,-4.8,-7.1,,0.7,7.4,,-3.8,-0.4,-3.1
964,Matt Chapman,TOR,7,-0.8,2.4,1.9,,6.2,4.3,,1.9,18,,30.5,3,24.3
965,Matt Dermody,BOS,0,0,,0,,0,0,,0,0,,0,0,0
966,Matt Duffy,KCR,-7.1,-0.9,-0.8,-0.8,,-8,-1.6,,0.7,6.5,,-2.4,-0.2,-2
967,Matt Festa,SEA,0,0,,0,,0,0,,0,0,,0,0,0
968,Matt Gage,HOU,0,0,,0,,0,0,,0,0,,0,0,0
969,Matt Koch,COL,0,0,,0,,0,0,,0,0,,0,0,0
970,Matt Krook,NYY,0,0,,0,,0,0,,0,0,,0,0,0
971,Matt Manning,DET,0,0,,0,,0,0,,0,0,,0,0,0
972,Matt McLain,CIN,14.1,0.4,1.2,2.5,,14.5,3.6,,1.1,12.5,,31.8,3.2,25.3
973,Matt Mervis,CHC,-6.6,-1.3,-0.2,-1.9,,-7.9,-2.1,,0.3,3.1,,-6.7,-0.7,-5.4
974,Matt Moore,3 Tms,0,0,,0,,0,0,,0,0,,0,0,0
975,Matt Olson,ATL,53.9,0.2,-0.8,-12.2,,54.1,-13.1,,2,22.4,,65.4,6.5,52.2
976,Matt Reynolds,CIN,-0.6,0.2,-0.6,0,,-0.4,-0.6,,0,0.2,,-0.8,-0.1,-0.7
977,Matt Strahm,PHI,0,0,,0,,0,0,,0,0,,0,0,0
978,Matt Thaiss,LAA,-5.9,-1.9,-2.6,4.3,,-7.8,1.8,,1,9.5,,4.5,0.4,3.6
979,Matt Vierling,DET,-0.8,-0.2,2.4,-2.6,,-1,-0.2,,1.7,16.5,,16.9,1.7,13.5
980,Matt Waldron,SDP,0,0,,0,,0,0,,0,0,,0,0,0
981,Matt Wallner,MIN,13.3,0.3,-2.3,-3.5,,13.6,-5.8,,0.8,7.9,,16.5,1.6,13.2
982,Matthew Batten,SDP,1,-0.2,-1.1,-0.1,,0.7,-1.2,,0.4,4.3,,4.3,0.4,3.4
983,Matthew Boyd,DET,0,0,,0,,0,0,,0,0,,0,0,0
984,Matthew Liberatore,STL,0,0,,0,,0,0,,0,0,,0,0,0
985,Mauricio Dubón,HOU,-1.7,0.6,1,1.3,,-1,2.4,,1.6,15.3,,18.2,1.8,14.5
986,Mauricio Llovera,2 Tms,0,0,,0,,0,0,,0,0,,0,0,0
987,Max Castillo,KCR,0,0,,0,,0,0,,0,0,,0,0,0
988,Max Fried,ATL,0,0,,0,,0,0,,0,0,,0,0,0
989,Max Kepler,MIN,14,-3,6.1,-5.2,,11,0.9,,1.6,15.2,,28.7,2.9,22.9
990,Max Muncy,LAD,13.1,-1.1,-5.9,0.7,,12.1,-5.1,,1.6,18,,26.5,2.6,21.2
991,Max Scherzer,2 Tms,0,0,,0,,0,0,,0,0,,0,0,0
992,McKinley Moore,PHI,0,0,,0,,0,0,,0,0,,0,0,0
993,Meibrys Viloria,CLE,-0.5,0,-1.1,0.2,,-0.5,-0.9,,0,0.1,,-1.3,-0.1,-1
994,Merrill Kelly,ARI,0,0,,0,,0,0,,0,0,,0,0,0
995,Michael A. Taylor,MIN,-2.1,3,4.6,1.5,,0.9,6.1,,1.2,12,,20.3,2,16.2
996,Michael Brantley,HOU,-0.3,-0.6,1.2,-0.8,,-0.8,0.4,,0.2,1.8,,1.5,0.2,1.2
997,Michael Busch,LAD,-5.1,0.6,-2.9,-0.8,,-4.5,-3.7,,0.2,2.5,,-5.4,-0.5,-4.3
998,Michael Chavis,WSN,-3.8,0.1,1.9,-0.3,,-3.7,1.6,,0.3,3,,1.1,0.1,0.9
999,Michael Conforto,SFG,-0.1,-1.1,-0.3,-5.9,,-1.2,-6.2,,1.3,14.6,,8.5,0.8,6.7
1000,Michael Fulmer,CHC,-0.3,0,,0.2,,-0.3,0.2,,0,0,,0,0,0
1001,Michael Grove,LAD,0,0,,0,,0,0,,0,0,,0,0,0
1002,Michael Harris II,ATL,9.9,4.9,2.6,2.1,,14.8,4.7,,1.5,16.7,,37.8,3.8,30.2
1003,Michael Kelly,CLE,0,0,,0,,0,0,,0,0,,0,0,0
1004,Michael King,NYY,0,0,,0,,0,0,,0,0,,0,0,0
1005,Michael Kopech,CHW,0,0,,0,,0,0,,0,0,,0,0,0
1006,Michael Lorenzen,2 Tms,0,0,,0,,0,0,,0,0,,0,0,0
1007,Michael Mariot,CIN,0,0,,0,,0,0,,0,0,,0,0,0
1008,Michael Massey,KCR,-15,0.9,1.9,0.6,,-14.1,2.5,,1.5,14.3,,4.2,0.4,3.3
1009,Michael Pérez,NYM,1.1,0,0.2,0.2,,1.1,0.3,,0,0.2,,1.7,0.2,1.4
1010,Michael Plassmeyer,PHI,0,0,,0,,0,0,,0,0,,0,0,0
1011,Michael Rucker,CHC,0,0,,0,,0,0,,0,0,,0,0,0
1012,Michael Siani,2 Tms,-1,-0.4,0.1,-0.2,,-1.4,-0.1,,0,0.2,,-1.3,-0.1,-1
1013,Michael Soroka,ATL,0,0,,0,,0,0,,0,0,,0,0,0
1014,Michael Stefanic,LAA,0.8,-0.3,-0.8,0.1,,0.5,-0.7,,0.2,2.2,,2.3,0.2,1.8
1015,Michael Toglia,COL,-14.8,-0.6,0.9,-2.4,,-15.4,-1.5,,0.4,4.7,,-11.8,-1.2,-9.4
1016,Michael Tonkin,ATL,0,0,,0,,0,0,,0,0,,0,0,0
1017,Michael Wacha,SDP,0,0,,0,,0,0,,0,0,,0,0,0
1018,Mickey Moniak,LAA,5.5,0.6,1.6,-0.4,,6,1.2,,1,10,,18.3,1.8,14.6
1019,Miguel Amaya,CHC,-1.1,-0.3,1.1,1.6,,-1.4,2.7,,0.4,4.8,,6.5,0.6,5.2
1020,Miguel Andujar,PIT,0.6,0.3,0,-1.3,,0.9,-1.3,,0.3,2.8,,2.6,0.3,2.1
1021,Miguel Cabrera,DET,-5.3,-4.2,0.1,-10.4,,-9.5,-10.2,,1.2,11.5,,-7.1,-0.7,-5.6
1022,Miguel Castro,ARI,0,0,,0,,0,0,,0,0,,0,0,0
1023,Miguel Díaz,DET,0,0,,0,,0,0,,0,0,,0,0,0
1024,Miguel Rojas,LAD,-16.1,-0.4,3.9,4.8,,-16.5,8.7,,1.2,13.1,,6.5,0.6,5.2
1025,Miguel Vargas,LAD,-5.5,0,-5.2,0.8,,-5.6,-4.4,,0.9,9.4,,0.4,0,0.3
1026,Mike Baumann,BAL,0,0,,0,,0,0,,0,0,,0,0,0
1027,Mike Brosseau,MIL,-2.5,-0.3,-3.9,-0.2,,-2.8,-4.1,,0.2,2.4,,-4.3,-0.4,-3.4
1028,Mike Clevinger,CHW,0,0,,0,,0,0,,0,0,,0,0,0
1029,Mike Ford,SEA,6.9,-1.6,0.5,-7.4,,5.3,-6.9,,0.8,7.8,,7,0.7,5.6
1030,Mike Mayers,KCR,0,0,,0,,0,0,,0,0,,0,0,0
1031,Mike Moustakas,2 Tms,-10.6,-1.9,-2,-3.4,,-12.6,-5.4,,1.2,12,,-4.8,-0.5,-3.8
1032,Mike Tauchman,CHC,3.6,0.2,-0.8,-0.9,,3.8,-1.7,,1.1,12.5,,15.7,1.6,12.5
1033,Mike Trout,LAA,14.8,0.4,0.4,1,,15.2,1.3,,1.2,11.2,,28.9,2.9,23.1
1034,Mike Yastrzemski,SFG,5.7,-0.5,0.7,-1.7,,5.2,-1,,1.1,11.8,,17.1,1.7,13.6
1035,Mike Zunino,CLE,-6.1,-1.4,-3.2,2.9,,-7.5,-0.3,,0.4,4.3,,-3,-0.3,-2.4
1036,Miles Mastrobuoni,CHC,-5.4,1.7,-0.6,-0.2,,-3.7,-0.8,,0.4,4.6,,0.5,0.1,0.4
1037,Miles Mikolas,STL,0,0,,0,,0,0,,0,0,,0,0,0
1038,Mitch Garver,TEX,15.7,-1.9,-0.7,-4.2,,13.7,-4.9,,1.1,10.7,,20.7,2.1,16.5
1039,Mitch Haniger,SFG,-7.7,-0.8,-3,-2.7,,-8.5,-5.6,,0.6,7.1,,-6.4,-0.6,-5.1
1040,Mitch Keller,PIT,0,0,,0,,0,0,,0,0,,0,0,0
1041,Mitch White,TOR,0,0,,0,,0,0,,0,0,,0,0,0
1042,MJ Melendez,KCR,-5.9,0.5,-6.5,-6.1,,-5.4,-12.6,,1.9,18.7,,2.7,0.3,2.1
1043,Mookie Betts,LAD,57.3,0.7,-1.8,-2.3,,58,-4,,1.9,21.5,,77.4,7.7,61.7
1044,Mychal Givens,BAL,0,0,,0,,0,0,,0,0,,0,0,0
1045,Myles Straw,CLE,-19.1,3.3,-1.7,2.1,,-15.8,0.4,,1.7,16.1,,2.3,0.2,1.9
1046,Nabil Crismatt,2 Tms,0,0,,0,,0,0,,0,0,,0,0,0
1047,Nate Eaton,KCR,-10.3,0.5,-0.4,-0.6,,-9.8,-1.1,,0.2,1.7,,-8.9,-0.9,-7.1
1048,Nate Pearson,TOR,0,0,,0,,0,0,,0,0,,0,0,0
1049,Nathan Eovaldi,TEX,0,0,,0,,0,0,,0,0,,0,0,0
1050,Nathan Lukes,TOR,-1.2,0,1.1,-1,,-1.3,0.1,,0.1,1,,-0.1,0,-0.1
1051,Nathaniel Lowe,TEX,12.5,-4.9,4.3,-12.1,,7.7,-7.8,,2.3,22.5,,24.7,2.5,19.7
1052,Nelson Cruz,SDP,-2.8,-0.3,,-4.5,,-3.1,-4.5,,0.4,4.7,,-2.5,-0.2,-2
1053,Nelson Velázquez,2 Tms,7,0.7,-2.4,-3,,7.7,-5.4,,0.6,5.6,,8.4,0.8,6.7
1054,Nestor Cortes,NYY,0,0,,0,,0,0,,0,0,,0,0,0
1055,Nicholas Padilla,CHW,0,0,,0,,0,0,,0,0,,0,0,0
1056,Nick Ahmed,ARI,-12.8,0.6,4.1,2.2,,-12.2,6.3,,0.6,6.5,,1.2,0.1,1
1057,Nick Allen,OAK,-17.7,-0.4,-0.1,4.2,,-18,4.1,,1.1,10.2,,-2.7,-0.3,-2.1
1058,Nick Anderson,ATL,0,0,,0,,0,0,,0,0,,0,0,0
1059,Nick Burdi,CHC,0,0,,0,,0,0,,0,0,,0,0,0
1060,Nick Castellanos,PHI,7.4,-2.8,-7.6,-7.5,,4.6,-15.1,,1.9,20.8,,12.2,1.2,9.7
1061,Nick Fortes,MIA,-18.9,0.1,7.8,6.4,,-18.8,14.2,,0.9,10,,6.3,0.6,5.1
1062,Nick Gonzales,PIT,-5.8,-0.5,0.3,0.7,,-6.2,1,,0.4,4,,-0.8,-0.1,-0.7
1063,Nick Gordon,MIN,-7.8,0.5,-0.6,0.1,,-7.3,-0.5,,0.3,2.9,,-4.7,-0.5,-3.7
1064,Nick Hernandez,SDP,0,0,,0,,0,0,,0,0,,0,0,0
1065,Nick Lodolo,CIN,0,0,,0,,0,0,,0,0,,0,0,0
1066,Nick Loftin,KCR,1.5,0.4,-0.3,-0.4,,1.9,-0.7,,0.2,2.1,,3.4,0.3,2.7
1067,Nick Madrigal,CHC,-6.2,-0.7,7.6,0.7,,-6.9,8.2,,0.8,9.1,,11.3,1.1,9
1068,Nick Martinez,SDP,0,0,,0,,0,0,,0,0,,0,0,0
1069,Nick Martini,CIN,3.6,0,-1,-1.6,,3.5,-2.6,,0.2,2.5,,3.6,0.4,2.9
1070,Nick Maton,DET,-11.7,-0.4,-8.4,-0.4,,-12.1,-8.9,,0.9,9.1,,-10.9,-1.1,-8.7
1071,Nick Mears,COL,0,0,,0,,0,0,,0,0,,0,0,0
1072,Nick Nelson,PHI,0,0,,0,,0,0,,0,0,,0,0,0
1073,Nick Pivetta,BOS,0,0,,0,,0,0,,0,0,,0,0,0
1074,Nick Pratto,KCR,-8.5,-1.4,-3.1,-5.7,,-9.9,-8.8,,1.1,10.7,,-6.9,-0.7,-5.5
1075,Nick Ramirez,NYY,0,0,,0,,0,0,,0,0,,0,0,0
1076,Nick Robertson,2 Tms,0,0,,0,,0,0,,0,0,,0,0,0
1077,Nick Sandlin,CLE,0,0,,0,,0,0,,0,0,,0,0,0
1078,Nick Senzel,CIN,-7.2,1.2,-9.6,-0.6,,-5.9,-10.2,,0.9,10.2,,-4.9,-0.5,-3.9
1079,Nick Solak,2 Tms,0,0,,0,,0,0,,0,0,,0,0,0
1080,Nick Vespi,BAL,0,0,,0,,0,0,,0,0,,0,0,0
1081,Nick Wittgren,KCR,0,0,,0,,0,0,,0,0,,0,0,0
1082,Nicky Lopez,2 Tms,-7.4,0.9,7.6,0.9,,-6.4,8.5,,0.8,8.1,,11.1,1.1,8.8
1083,Nico Hoerner,CHC,1.7,6.8,10.4,2.6,,8.5,13,,1.9,21.4,,44.8,4.5,35.8
1084,Noah Davis,COL,0,0,,0,,0,0,,0,0,,0,0,0
1085,Noah Syndergaard,2 Tms,0,0,,0,,0,0,,0,0,,0,0,0
1086,Noelvi Marte,CIN,3,-0.2,-1.6,0.4,,2.8,-1.2,,0.3,3.8,,5.8,0.6,4.6
1087,Nolan Arenado,STL,5.2,-2.1,3.4,0.3,,3.1,3.6,,1.7,19,,27.5,2.7,21.9
1088,Nolan Gorman,STL,10.6,0.1,-2.2,-1.7,,10.7,-3.9,,1.3,14.4,,22.6,2.3,18
1089,Nolan Jones,COL,18.4,2.1,6.1,-4.6,,20.4,1.6,,1.2,13.2,,36.4,3.6,29
1090,Nolan Schanuel,LAA,2,-1.6,-2.5,-2.2,,0.4,-4.7,,0.4,4.1,,0.2,0,0.1
1091,Oliver Ortega,MIN,0,0,,0,,0,0,,0,0,,0,0,0
1092,Omar Narváez,NYM,-6.6,-0.4,-0.6,3,,-7,2.4,,0.4,4.5,,0.3,0,0.3
1093,Oneil Cruz,PIT,0.4,0.8,-0.2,0.4,,1.2,0.2,,0.1,1.2,,2.8,0.3,2.2
1094,Orion Kerkering,PHI,0,0,,0,,0,0,,0,0,,0,0,0
1095,Orlando Arcia,ATL,-0.6,-2.3,2,6.2,,-2.8,8.2,,1.5,16.5,,23.4,2.3,18.7
1096,Oscar Colás,CHW,-14.9,-0.5,-1.1,-2.9,,-15.4,-4,,0.8,8.2,,-10.4,-1,-8.3
1097,Oscar Gonzalez,CLE,-11.1,1.1,-6.5,-3.3,,-9.9,-9.8,,0.6,5.6,,-13.6,-1.4,-10.8
1098,Óscar Mercado,STL,-0.4,-0.1,0.2,-0.6,,-0.4,-0.4,,0.1,1,,0.3,0,0.2
1099,Osleivis Basabe,TBR,-3.7,0.5,-2.6,0.9,,-3.3,-1.7,,0.3,2.9,,-1.8,-0.2,-1.4
1100,Osvaldo Bido,PIT,0,0,,0,,0,0,,0,0,,0,0,0
1101,Oswald Peraza,NYY,-10.7,-0.9,0.6,0.8,,-11.5,1.3,,0.6,5.9,,-3.7,-0.4,-2.9
1102,Oswaldo Cabrera,NYY,-15.7,0.2,-0.8,-2.8,,-15.5,-3.6,,1.1,10.2,,-7.8,-0.8,-6.2
1103,Owen Miller,MIL,-7.5,1.4,6.2,-1.7,,-6.2,4.4,,0.9,9.7,,8.9,0.9,7.1
1104,Owen White,TEX,0,0,,0,,0,0,,0,0,,0,0,0
1105,Ozzie Albies,ATL,19.6,3.3,-6.9,2.3,,22.9,-4.7,,1.9,20.5,,40.6,4,32.4
1106,Pablo López,MIN,0,0,,0,,0,0,,0,0,,0,0,0
1107,Pablo Reyes,BOS,-1.5,0.8,-1.2,1.2,,-0.8,0,,0.6,5.7,,5.5,0.5,4.4
1108,Packy Naughton,STL,0,0,,0,,0,0,,0,0,,0,0,0
1109,Paolo Espino,WSN,0,0,,0,,0,0,,0,0,,0,0,0
1110,Parker Meadows,DET,-1,1.9,3.2,0.4,,0.9,3.6,,0.5,4.5,,9.5,0.9,7.6
1111,Parker Mushinski,HOU,0,0,,0,,0,0,,0,0,,0,0,0
1112,Patrick Bailey,SFG,-9.7,-0.3,18.9,6.5,,-10,25.3,,1,11,,27.3,2.7,21.7
1113,Patrick Corbin,WSN,0,0,,0,,0,0,,0,0,,0,0,0
1114,Patrick Sandoval,LAA,0,0,,0,,0,0,,0,0,,0,0,0
1115,Patrick Wisdom,CHC,3.5,-0.3,-6.3,-1.3,,3.2,-7.6,,0.8,9.4,,5.8,0.6,4.6
1116,Paul Blackburn,OAK,0,0,,0,,0,0,,0,0,,0,0,0
1117,Paul DeJong,3 Tms,-16.6,-2.1,5.9,4.6,,-18.7,10.4,,1.1,12.4,,5.3,0.5,4.2
1118,Paul Goldschmidt,STL,18.9,0.2,4,-12.2,,19.1,-8.1,,1.9,21.3,,34.2,3.4,27.3
1119,Paul Sewald,2 Tms,0,0,,0,,0,0,,0,0,,0,0,0
1120,Pavin Smith,ARI,-5.3,-0.5,-4.5,-4.7,,-5.7,-9.1,,0.6,7.1,,-7.2,-0.7,-5.7
1121,Pedro Avila,SDP,0,0,,0,,0,0,,0,0,,0,0,0
1122,Penn Murfee,SEA,0,0,,0,,0,0,,0,0,,0,0,0
1123,Pete Alonso,NYM,17.5,-0.7,1.6,-11.7,,16.8,-10.1,,1.8,20.4,,29,2.9,23.1
1124,Pete Crow-Armstrong,CHC,-3.1,-0.3,0.5,0.1,,-3.4,0.6,,0.1,0.6,,-2.1,-0.2,-1.7
1125,Pete Fairbanks,TBR,0,0,,0,,0,0,,0,0,,0,0,0
1126,Peter Lambert,COL,0,0,,0,,0,0,,0,0,,0,0,0
1127,Peter Solomon,ARI,0,0,,0,,0,0,,0,0,,0,0,0
1128,Peter Strzelecki,2 Tms,0,0,,0,,0,0,,0,0,,0,0,0
1129,Peyton Battenfield,CLE,0,0,,0,,0,0,,0,0,,0,0,0
1130,Peyton Burdick,MIA,-1.6,0.3,-1.1,-0.3,,-1.3,-1.4,,0.1,1.1,,-1.5,-0.1,-1.2
1131,Phil Bickford,2 Tms,0,0,,0,,0,0,,0,0,,0,0,0
1132,Phil Maton,HOU,0,0,,0,,0,0,,0,0,,0,0,0
1133,Pierce Johnson,2 Tms,0,0,,0,,0,0,,0,0,,0,0,0
1134,Prelander Berroa,SEA,0,0,,0,,0,0,,0,0,,0,0,0
1135,Quinn Priester,PIT,0,0,,0,,0,0,,0,0,,0,0,0
1136,Rafael Devers,BOS,18.7,-3.2,-6.2,2,,15.5,-4.2,,2.1,20.4,,33.8,3.4,27
1137,Rafael Montero,HOU,0,0,,0,,0,0,,0,0,,0,0,0
1138,Rafael Ortega,NYM,-2.9,1.2,0.5,-0.7,,-1.6,-0.3,,0.4,4.2,,2.7,0.3,2.2
1139,Raimel Tapia,3 Tms,-4.1,1.6,-1.9,-1.5,,-2.5,-3.4,,0.5,5.2,,-0.2,0,-0.1
1140,Raisel Iglesias,ATL,0,0,,0,,0,0,,0,0,,0,0,0
1141,Ramón Laureano,2 Tms,-4.3,-0.1,4.5,-3.5,,-4.4,1,,1.3,12.5,,10.4,1,8.3
1142,Ramón Urías,BAL,-0.7,0.3,-6.7,0.4,,-0.4,-6.2,,1.3,12.3,,6.9,0.7,5.5
1143,Randal Grichuk,2 Tms,0.3,-1.7,-4.9,-4.8,,-1.4,-9.7,,1.4,14.6,,4.9,0.5,3.9
1144,Randy Arozarena,TBR,20.3,0.5,-4.5,-7.6,,20.7,-12,,2.1,20.3,,31.1,3.1,24.8
1145,Randy Vásquez,NYY,0,0,,0,,0,0,,0,0,,0,0,0
1146,Randy Wynne,CIN,0,0,,0,,0,0,,0,0,,0,0,0
1147,Ranger Suárez,PHI,0,0,,0,,0,0,,0,0,,0,0,0
1148,Ray Kerr,SDP,0,0,,0,,0,0,,0,0,,0,0,0
1149,Reed Garrett,2 Tms,0,0,,0,,0,0,,0,0,,0,0,0
1150,Reese McGuire,BOS,-5.4,-1.3,1,3.6,,-6.7,4.6,,0.7,6.4,,5,0.5,4
1151,Reese Olson,DET,0,0,,0,,0,0,,0,0,,0,0,0
1152,Reid Detmers,LAA,0,0,,0,,0,0,,0,0,,0,0,0
1153,Reiss Knehr,SDP,0,0,,0,,0,0,,0,0,,0,0,0
1154,Reiver Sanmartin,CIN,0,0,,0,,0,0,,0,0,,0,0,0
1155,René Pinto,TBR,-0.3,-1.1,-0.5,2.3,,-1.4,1.8,,0.3,3.3,,4,0.4,3.2
1156,Reyes Moronta,LAA,0,0,,0,,0,0,,0,0,,0,0,0
1157,Reynaldo López,3 Tms,0,0,,0,,0,0,,0,0,,0,0,0
1158,Rich Hill,2 Tms,0,0,,0,,0,0,,0,0,,0,0,0
1159,Richard Bleier,BOS,0,0,,0,,0,0,,0,0,,0,0,0
1160,Richard Lovelady,OAK,0,0,,0,,0,0,,0,0,,0,0,0
1161,Richie Palacios,STL,2.5,0.4,-1.6,-0.9,,2.9,-2.5,,0.3,3.2,,3.8,0.4,3.1
1162,Ricky Karcher,CIN,0,0,,0,,0,0,,0,0,,0,0,0
1163,Rico Garcia,2 Tms,0,0,,0,,0,0,,0,0,,0,0,0
1164,Riley Adams,WSN,3.1,0,-7.2,2.8,,3.1,-4.4,,0.4,4.9,,4,0.4,3.2
1165,Riley Greene,DET,9.7,2,-2.6,-0.3,,11.7,-2.9,,1.3,12.9,,23.1,2.3,18.4
1166,Riley Pint,COL,0,0,,0,,0,0,,0,0,,0,0,0
1167,Roansy Contreras,PIT,0,0,,0,,0,0,,0,0,,0,0,0
1168,Rob Refsnyder,BOS,-2.1,0.6,-0.4,-2.5,,-1.5,-2.9,,0.8,7.5,,3.9,0.4,3.1
1169,Rob Zastryzny,PIT,0,0,,0,,0,0,,0,0,,0,0,0
1170,Robbie Grossman,TEX,1.1,-0.9,-4.9,-6.9,,0.2,-11.8,,1.3,13,,2.7,0.3,2.2
1171,Robbie Ray,SEA,0,0,,0,,0,0,,0,0,,0,0,0
1172,Robert Garcia,2 Tms,0,0,,0,,0,0,,0,0,,0,0,0
1173,Robert Stephenson,2 Tms,0,0,,0,,0,0,,0,0,,0,0,0
1174,Robert Suarez,SDP,0,0,,0,,0,0,,0,0,,0,0,0
1175,Roberto Pérez,SFG,-1.8,0,0.1,0.3,,-1.9,0.5,,0,0.5,,-0.8,-0.1,-0.7
1176,Rodolfo Castro,2 Tms,-9.7,-2,-5.2,1.4,,-11.7,-3.7,,0.7,7.9,,-6.8,-0.7,-5.4
1177,Romy Gonzalez,CHW,-5.9,2,-2.5,-0.2,,-3.9,-2.7,,0.3,3,,-3.2,-0.3,-2.6
1178,Ron Marinaccio,NYY,0,0,,0,,0,0,,0,0,,0,0,0
1179,Ronald Acuña Jr.,ATL,64.1,8.9,-0.6,-7.2,,72.9,-7.8,,2.1,22.8,,90,9,71.8
1180,Ronel Blanco,HOU,0,0,,0,,0,0,,0,0,,0,0,0
1181,Ronny Mauricio,NYM,-2.7,1.4,0,0.4,,-1.3,0.4,,0.3,3.4,,2.8,0.3,2.2
1182,Ross Stripling,SFG,0,0,,0,,0,0,,0,0,,0,0,0
1183,Rougned Odor,SDP,-2.8,0.9,0.9,-0.6,,-1.9,0.3,,0.4,4.9,,3.7,0.4,3
1184,Rowdy Tellez,MIL,-9.5,-2.1,-0.7,-7,,-11.6,-7.7,,1,10.9,,-7.4,-0.7,-5.9
1185,Royce Lewis,MIN,15.6,-0.4,0.4,-0.3,,15.2,0.2,,0.8,7.4,,23.6,2.4,18.8
1186,Ryan Borucki,PIT,0,0,,0,,0,0,,0,0,,0,0,0
1187,Ryan Brasier,2 Tms,0,0,,0,,0,0,,0,0,,0,0,0
1188,Ryan Feltner,COL,0,0,,0,,0,0,,0,0,,0,0,0
1189,Ryan Helsley,STL,0,0,,0,,0,0,,0,0,,0,0,0
1190,Ryan Jeffers,MIN,15.3,-2,-5.9,4.7,,13.2,-1.2,,1.1,10.4,,23.5,2.3,18.7
1191,Ryan Kreidler,DET,-3.3,0.2,0.6,0.1,,-3.1,0.7,,0.1,0.6,,-1.8,-0.2,-1.4
1192,Ryan McKenna,BAL,-1.6,0.6,-0.1,-1.1,,-1.1,-1.2,,0.4,4.3,,2.5,0.2,2
1193,Ryan McMahon,COL,-9.3,-3.1,5.7,1.8,,-12.4,7.5,,1.8,19.5,,16.3,1.6,13
1194,Ryan Mountcastle,BAL,8.1,0.7,0.8,-9.1,,8.8,-8.3,,1.5,14.6,,16.6,1.7,13.2
1195,Ryan Noda,OAK,13.4,0.5,-0.6,-8.6,,13.9,-9.3,,1.6,15.4,,21.6,2.2,17.2
1196,Ryan O'Hearn,BAL,8.1,-1,2.4,-6.7,,7.2,-4.4,,1.2,11.4,,15.4,1.5,12.3
1197,Ryan Pepiot,LAD,0,0,,0,,0,0,,0,0,,0,0,0
1198,Ryan Pressly,HOU,0,0,,0,,0,0,,0,0,,0,0,0
1199,Ryan Sherriff,BOS,0,0,,0,,0,0,,0,0,,0,0,0
1200,Ryan Tepera,2 Tms,0,0,,0,,0,0,,0,0,,0,0,0
1201,Ryan Thompson,2 Tms,0,0,,0,,0,0,,0,0,,0,0,0
1202,Ryan Walker,SFG,0,0,,0,,0,0,,0,0,,0,0,0
1203,Ryan Weathers,2 Tms,0,0,,0,,0,0,,0,0,,0,0,0
1204,Ryan Weber,NYY,0,0,,0,,0,0,,0,0,,0,0,0
1205,Ryan Yarbrough,2 Tms,0,0,,0,,0,0,,0,0,,0,0,0
1206,Ryder Ryan,SEA,0,0,,0,,0,0,,0,0,,0,0,0
1207,Rylan Bannon,HOU,-1.6,0,,-0.1,,-1.6,-0.1,,0,0.2,,-1.5,-0.1,-1.2
1208,Ryne Nelson,ARI,0,0,,0,,0,0,,0,0,,0,0,0
1209,Ryne Stanek,HOU,0,0,,0,,0,0,,0,0,,0,0,0
1210,Sal Frelick,MIL,-2.1,1.1,5.6,-1.1,,-1,4.6,,0.6,6.9,,11.1,1.1,8.9
1211,Salvador Perez,KCR,-9.6,-5.2,-10.2,1.6,,-14.7,-8.6,,1.9,18,,-3.4,-0.3,-2.7
1212,Sam Bachman,LAA,0,0,,0,,0,0,,0,0,,0,0,0
1213,Sam Coonrod,NYM,0,0,,0,,0,0,,0,0,,0,0,0
1214,Sam Haggerty,SEA,1,1.2,-2.6,-2.1,,2.2,-4.7,,0.3,3.4,,1.1,0.1,0.9
1215,Sam Hentges,CLE,0,0,,0,,0,0,,0,0,,0,0,0
1216,Sam Hilliard,ATL,-0.7,-0.5,-0.6,0,,-1.1,-0.6,,0.2,2.4,,0.9,0.1,0.7
1217,Sam Huff,TEX,0.7,-0.1,-0.3,-0.7,,0.6,-1,,0.1,1.4,,1.1,0.1,0.9
1218,Sam Long,OAK,0,0,,0,,0,0,,0,0,,0,0,0
1219,Sam Moll,2 Tms,0,0,,0,,0,0,,0,0,,0,0,0
1220,Samad Taylor,KCR,-4.2,1.4,0,-0.3,,-2.8,-0.4,,0.2,2.1,,-0.8,-0.1,-0.7
1221,Sammy Peralta,CHW,0,0,,0,,0,0,,0,0,,0,0,0
1222,Sandy Alcantara,MIA,0,0,,0,,0,0,,0,0,,0,0,0
1223,Sandy León,TEX,-5.3,-0.3,-0.8,1,,-5.6,0.2,,0.1,1.4,,-3.9,-0.4,-3.1
1224,Santiago Espinal,TOR,-6,-0.8,-3.3,1.2,,-6.8,-2.1,,0.8,7.9,,-0.2,0,-0.2
1225,Sawyer Gipson-Long,DET,0,0,,0,,0,0,,0,0,,0,0,0
1226,Scott Alexander,SFG,0,0,,0,,0,0,,0,0,,0,0,0
1227,Scott Barlow,2 Tms,0,0,,0,,0,0,,0,0,,0,0,0
1228,Scott McGough,ARI,0,0,,0,,0,0,,0,0,,0,0,0
1229,Sean Bouchard,COL,3.2,-0.8,1.2,-0.5,,2.4,0.7,,0.1,1.3,,4.6,0.5,3.7
1230,Sean Hjelle,SFG,0,0,,0,,0,0,,0,0,,0,0,0
1231,Sean Manaea,SFG,0,0,,0,,0,0,,0,0,,0,0,0
1232,Sean Murphy,ATL,15.8,-1.6,13,6.9,,14.3,19.9,,1.2,13.6,,48.9,4.9,39
1233,Sean Newcomb,OAK,0,0,,0,,0,0,,0,0,,0,0,0
1234,Sean Nolin,MIA,0,0,,0,,0,0,,0,0,,0,0,0
1235,Sean Reid-Foley,NYM,0,0,,0,,0,0,,0,0,,0,0,0
1236,Seby Zavala,2 Tms,-12.7,-0.8,8,4.3,,-13.5,12.3,,0.6,6,,5.4,0.5,4.3
1237,Seiya Suzuki,CHC,19.1,-2,0.1,-6.4,,17.1,-6.3,,1.6,18.1,,30.5,3,24.3
1238,Seranthony Domínguez,PHI,0,0,,0,,0,0,,0,0,,0,0,0
1239,Seth Brown,OAK,-3.6,-2.5,-4,-5.9,,-6.1,-9.9,,1.2,11.7,,-3.1,-0.3,-2.5
1240,Seth Lugo,SDP,0,0,,0,,0,0,,0,0,,0,0,0
1241,Seth Martinez,HOU,0,0,,0,,0,0,,0,0,,0,0,0
1242,Shane Bieber,CLE,0,0,,0,,0,0,,0,0,,0,0,0
1243,Shane Greene,CHC,0,0,,0,,0,0,,0,0,,0,0,0
1244,Shane McClanahan,TBR,0,0,,0,,0,0,,0,0,,0,0,0
1245,Shawn Armstrong,TBR,0,0,,0,,0,0,,0,0,,0,0,0
1246,Shawn Dubin,HOU,0,0,,0,,0,0,,0,0,,0,0,0
1247,Shea Langeliers,OAK,-7.7,0.2,-9.8,7.9,,-7.5,-1.8,,1.6,15.2,,7.4,0.7,5.9
1248,Shelby Miller,LAD,-0.3,0,,0.2,,-0.3,0.2,,0,0,,0,0,0
1249,Shintaro Fujinami,2 Tms,0,0,,0,,0,0,,0,0,,0,0,0
1250,Shohei Ohtani,LAA,57.1,2.5,,-14.5,,59.6,-14.5,,1.9,18.6,,65.6,6.5,52.4
1251,Silvino Bracho,CIN,0,0,,0,,0,0,,0,0,,0,0,0
1252,Simeon Woods Richardson,MIN,0,0,,0,,0,0,,0,0,,0,0,0
1253,Slade Cecconi,ARI,0,0,,0,,0,0,,0,0,,0,0,0
1254,Sonny Gray,MIN,0,0,,0,,0,0,,0,0,,0,0,0
1255,Spencer Horwitz,TOR,0.3,-0.2,0.8,-1,,0.1,-0.2,,0.1,1.4,,1.5,0.1,1.2
1256,Spencer Howard,TEX,0,0,,0,,0,0,,0,0,,0,0,0
1257,Spencer Patton,OAK,0,0,,0,,0,0,,0,0,,0,0,0
1258,Spencer Steer,CIN,14.7,-0.6,-11.6,-5.8,,14.2,-17.4,,1.9,20.6,,19.3,1.9,15.4
1259,Spencer Strider,ATL,0,0,,0,,0,0,,0,0,,0,0,0
1260,Spencer Torkelson,DET,5.3,0.1,-3.1,-12.3,,5.4,-15.3,,2.2,21.2,,13.5,1.3,10.8
1261,Spencer Turnbull,DET,0,0,,0,,0,0,,0,0,,0,0,0
1262,Spenser Watkins,OAK,0,0,,0,,0,0,,0,0,,0,0,0
1263,Starling Marte,NYM,-10.2,3.6,-4.1,-3.6,,-6.5,-7.7,,1,10.6,,-2.7,-0.3,-2.1
1264,Stephen Nogosek,NYM,0,0,,0,,0,0,,0,0,,0,0,0
1265,Steven Cruz,KCR,0,0,,0,,0,0,,0,0,,0,0,0
1266,Steven Kwan,CLE,0.1,4.3,11.6,-7.3,,4.4,4.4,,2.3,22.3,,33.4,3.3,26.6
1267,Steven Matz,STL,0,0,,0,,0,0,,0,0,,0,0,0
1268,Steven Okert,MIA,0,0,,0,,0,0,,0,0,,0,0,0
1269,Steven Wilson,SDP,0,0,,0,,0,0,,0,0,,0,0,0
1270,Stone Garrett,WSN,5.1,0.6,1.1,-3.2,,5.6,-2,,0.8,8.4,,12.8,1.3,10.2
1271,Stuart Fairchild,CIN,-3.4,1.9,3.2,-1.9,,-1.5,1.3,,0.7,7.9,,8.4,0.8,6.7
1272,T.J. McFarland,NYM,0,0,,0,,0,0,,0,0,,0,0,0
1273,Taijuan Walker,PHI,0,0,,0,,0,0,,0,0,,0,0,0
1274,Taj Bradley,TBR,0,0,,0,,0,0,,0,0,,0,0,0
1275,Tanner Banks,CHW,0,0,,0,,0,0,,0,0,,0,0,0
1276,Tanner Bibee,CLE,0,0,,0,,0,0,,0,0,,0,0,0
1277,Tanner Houck,BOS,0,0,,0,,0,0,,0,0,,0,0,0
1278,Tanner Rainey,WSN,0,0,,0,,0,0,,0,0,,0,0,0
1279,Tanner Scott,MIA,0,0,,0,,0,0,,0,0,,0,0,0
1280,Tarik Skubal,DET,0,0,,0,,0,0,,0,0,,0,0,0
1281,Tayler Saucedo,SEA,0,0,,0,,0,0,,0,0,,0,0,0
1282,Tayler Scott,3 Tms,0,0,,0,,0,0,,0,0,,0,0,0
1283,Taylor Clarke,KCR,0,0,,0,,0,0,,0,0,,0,0,0
1284,Taylor Hearn,3 Tms,0,0,,0,,0,0,,0,0,,0,0,0
1285,Taylor Kohlwey,SDP,-1.9,0,0,-0.2,,-1.9,-0.2,,0,0.4,,-1.7,-0.2,-1.3
1286,Taylor Motter,STL,-7.7,0.2,1.1,0.3,,-7.5,1.3,,0.2,2.5,,-3.4,-0.3,-2.7
1287,Taylor Rogers,SFG,0,0,,0,,0,0,,0,0,,0,0,0
1288,Taylor Trammell,SEA,-1.4,-0.2,-0.8,-1.2,,-1.6,-2,,0.2,1.7,,-1.7,-0.2,-1.4
1289,Taylor Walls,TBR,-6.5,4.8,-4.7,2.2,,-1.7,-2.5,,1.1,10.8,,7.8,0.8,6.2
1290,Taylor Ward,LAA,3.5,-1.8,2.3,-4.1,,1.8,-1.7,,1.3,12.7,,14,1.4,11.2
1291,Tejay Antone,CIN,0,0,,0,,0,0,,0,0,,0,0,0
1292,Teoscar Hernández,SEA,3.8,-4.4,4.5,-9,,-0.6,-4.5,,2.2,21.1,,18.1,1.8,14.5
1293,Terrin Vavra,BAL,-2.4,-0.1,-1.2,-0.9,,-2.6,-2,,0.2,1.7,,-2.7,-0.3,-2.1
1294,Thaddeus Ward,WSN,0,0,,0,,0,0,,0,0,,0,0,0
1295,Thairo Estrada,SFG,0.6,1.9,13.4,2,,2.5,15.4,,1.5,16.5,,35.9,3.6,28.6
1296,Thomas Hatch,2 Tms,0,0,,0,,0,0,,0,0,,0,0,0
1297,Thomas Pannone,MIL,0,0,,0,,0,0,,0,0,,0,0,0
1298,Thyago Vieira,MIL,0,0,,0,,0,0,,0,0,,0,0,0
1299,Tim Anderson,CHW,-25.1,1.6,-1.7,5.2,,-23.5,3.5,,1.7,16.3,,-2,-0.2,-1.6
1300,Tim Herrin,CLE,0,0,,0,,0,0,,0,0,,0,0,0
1301,Tim Hill,SDP,0,0,,0,,0,0,,0,0,,0,0,0
1302,Tim Locastro,NYM,0.7,1.4,1.2,-1.2,,2.2,0.1,,0.2,2.1,,4.5,0.4,3.6
1303,Tim Mayza,TOR,0,0,,0,,0,0,,0,0,,0,0,0
1304,TJ Friedl,CIN,11.3,6.1,2.9,0.9,,17.4,3.8,,1.6,17.3,,40,4,31.9
1305,TJ Hopkins,CIN,-5.1,-0.2,-0.4,-1.1,,-5.3,-1.4,,0.1,1.4,,-5.3,-0.5,-4.2
1306,Tom Cosgrove,SDP,0,0,,0,,0,0,,0,0,,0,0,0
1307,Tom Murphy,SEA,7.6,-0.4,-7.2,2.5,,7.2,-4.7,,0.5,4.9,,8,0.8,6.3
1308,Tomás Nido,NYM,-9.4,-0.1,0.2,1.3,,-9.5,1.6,,0.2,1.9,,-5.9,-0.6,-4.7
1309,Tommy Doyle,COL,0,0,,0,,0,0,,0,0,,0,0,0
1310,Tommy Edman,STL,-5,2.8,5.4,3,,-2.2,8.4,,1.5,16.4,,24.1,2.4,19.2
1311,Tommy Henry,ARI,0,0,,0,,0,0,,0,0,,0,0,0
1312,Tommy Hunter,NYM,0,0,,0,,0,0,,0,0,,0,0,0
1313,Tommy Kahnle,NYY,0,0,,0,,0,0,,0,0,,0,0,0
1314,Tommy La Stella,SEA,-1.2,-0.2,,-0.6,,-1.5,-0.6,,0.1,0.7,,-1.3,-0.1,-1
1315,Tommy Milone,SEA,0,0,,0,,0,0,,0,0,,0,0,0
1316,Tommy Pham,2 Tms,6.1,2.6,2.4,-7.8,,8.7,-5.5,,1.4,14.9,,19.5,1.9,15.6
1317,Tony Gonsolin,LAD,0,0,,0,,0,0,,0,0,,0,0,0
1318,Tony Kemp,OAK,-11.7,0,-0.6,-2,,-11.7,-2.6,,1.3,13,,0.1,0,0.1
1319,Tony Santillan,CIN,0,0,,0,,0,0,,0,0,,0,0,0
1320,Touki Toussaint,2 Tms,0,0,,0,,0,0,,0,0,,0,0,0
1321,Travis Blankenhorn,WSN,-1.8,0,0.5,-0.4,,-1.8,0.1,,0.1,1.1,,-0.5,0,-0.4
1322,Travis d'Arnaud,ATL,-6.2,-1.3,0.6,3.7,,-7.4,4.2,,0.8,9.1,,6.7,0.7,5.4
1323,Travis Jankowski,TEX,-1.7,3,2.5,-2.8,,1.3,-0.3,,0.9,8.9,,10.8,1.1,8.6
1324,Trayce Thompson,2 Tms,-7.6,0.2,-0.5,-0.7,,-7.4,-1.3,,0.5,5.6,,-2.6,-0.3,-2
1325,Trea Turner,PHI,6.8,9.4,-3.4,6.7,,16.2,3.2,,1.9,21.5,,42.8,4.3,34.2
1326,Trent Grisham,SDP,-6.4,1.5,1.3,2.2,,-4.9,3.4,,1.6,17.2,,17.3,1.7,13.8
1327,Trent Thornton,2 Tms,0,0,,0,,0,0,,0,0,,0,0,0
1328,Tres Barrera,STL,-0.5,0,-0.8,0.1,,-0.5,-0.7,,0,0.1,,-1.2,-0.1,-0.9
1329,Trevor Gott,2 Tms,0,0,,0,,0,0,,0,0,,0,0,0
1330,Trevor Kelley,TBR,0,0,,0,,0,0,,0,0,,0,0,0
1331,Trevor Larnach,MIN,-0.2,0.2,-2.7,-2.5,,0.1,-5.1,,0.7,6.6,,2.2,0.2,1.8
1332,Trevor May,OAK,0,0,,0,,0,0,,0,0,,0,0,0
1333,Trevor Megill,MIL,0,0,,0,,0,0,,0,0,,0,0,0
1334,Trevor Richards,TOR,0,0,,0,,0,0,,0,0,,0,0,0
1335,Trevor Rogers,MIA,0,0,,0,,0,0,,0,0,,0,0,0
1336,Trevor Stephan,CLE,0,0,,0,,0,0,,0,0,,0,0,0
1337,Trevor Story,BOS,-10.6,1.1,5.8,1,,-9.5,6.8,,0.5,5.2,,3,0.3,2.4
1338,Trevor Williams,WSN,0,0,,0,,0,0,,0,0,,0,0,0
1339,Trey Cabbage,LAA,-3.8,-0.1,0.4,-0.8,,-3.8,-0.3,,0.2,1.7,,-2.3,-0.2,-1.8
1340,Trey Mancini,CHC,-8.6,-2.2,-1,-5.5,,-10.8,-6.5,,0.7,8.2,,-8.4,-0.8,-6.7
1341,Trey Wingenter,DET,0,0,,0,,0,0,,0,0,,0,0,0
1342,Tristan Beck,SFG,0,0,,0,,0,0,,0,0,,0,0,0
1343,Tristan Gray,TBR,1.1,0,0.4,0,,1.1,0.4,,0,0.2,,1.7,0.2,1.3
1344,Triston Casas,BOS,17.7,-2.9,-5.9,-9.2,,14.8,-15.1,,1.6,15.6,,16.9,1.7,13.4
1345,Triston McKenzie,CLE,0,0,,0,,0,0,,0,0,,0,0,0
1346,Tucker Barnhart,CHC,-7.1,-1.1,3.2,2.7,,-8.2,5.8,,0.3,3.8,,1.8,0.2,1.4
1347,Tucker Davidson,2 Tms,0,0,,0,,0,0,,0,0,,0,0,0
1348,Tucupita Marcano,PIT,-8.7,0.3,-4.5,2.1,,-8.4,-2.4,,0.6,6.8,,-3.3,-0.3,-2.7
1349,Ty Adcock,SEA,0,0,,0,,0,0,,0,0,,0,0,0
1350,Ty Blach,COL,0,0,,0,,0,0,,0,0,,0,0,0
1351,Ty France,SEA,2.8,-4.3,1.4,-11.7,,-1.5,-10.3,,2.1,20.6,,11,1.1,8.8
1352,Tyler Alexander,DET,0,0,,0,,0,0,,0,0,,0,0,0
1353,Tyler Anderson,LAA,0,0,,0,,0,0,,0,0,,0,0,0
1354,Tyler Cropley,KCR,-1.1,0,-0.3,0.1,,-1.1,-0.1,,0,0.2,,-1,-0.1,-0.8
1355,Tyler Cyr,LAD,0,0,,0,,0,0,,0,0,,0,0,0
1356,Tyler Duffey,CHC,0,0,,0,,0,0,,0,0,,0,0,0
1357,Tyler Fitzgerald,SFG,-0.1,0.4,0.2,0.2,,0.2,0.3,,0.1,1.1,,1.7,0.2,1.4
1358,Tyler Freeman,CLE,-3.2,1.4,-1.6,-0.2,,-1.8,-1.7,,0.5,5.2,,2.2,0.2,1.7
1359,Tyler Gilbert,ARI,0,0,,0,,0,0,,0,0,,0,0,0
1360,Tyler Glasnow,TBR,0,0,,0,,0,0,,0,0,,0,0,0
1361,Tyler Heineman,2 Tms,0.4,0.5,0.7,1.1,,0.9,1.8,,0.1,1.5,,4.3,0.4,3.5
1362,Tyler Holton,DET,0,0,,0,,0,0,,0,0,,0,0,0
1363,Tyler Kinley,COL,0,0,,0,,0,0,,0,0,,0,0,0
1364,Tyler Mahle,MIN,0,0,,0,,0,0,,0,0,,0,0,0
1365,Tyler Naquin,CHW,-2.1,0,-0.4,-0.1,,-2.1,-0.5,,0,0.2,,-2.3,-0.2,-1.8
1366,Tyler Nevin,DET,-3.2,-1,-3.1,-1.6,,-4.2,-4.7,,0.4,3.4,,-5.1,-0.5,-4.1
1367,Tyler O'Neill,STL,-1,-0.2,1,-2.2,,-1.2,-1.2,,0.7,8.3,,6.6,0.7,5.3
1368,Tyler Rogers,SFG,0,0,,0,,0,0,,0,0,,0,0,0
1369,Tyler Soderstrom,OAK,-10.7,-0.3,-1.9,-1.5,,-11.1,-3.4,,0.4,4.3,,-9.7,-1,-7.8
1370,Tyler Stephenson,CIN,-9.9,-2.3,-12.4,1,,-12.2,-11.4,,1.5,16.1,,-6,-0.6,-4.8
1371,Tyler Wade,OAK,-1.4,0.8,0.8,0.3,,-0.6,1.2,,0.2,1.7,,2.5,0.2,2
1372,Tyler Wells,BAL,0,0,,0,,0,0,,0,0,,0,0,0
1373,Tylor Megill,NYM,0,0,,0,,0,0,,0,0,,0,0,0
1374,Tyrone Taylor,MIL,-3.8,3.8,4.7,-2.8,,0,1.9,,0.7,7.5,,10.1,1,8.1
1375,Tyson Miller,3 Tms,0,0,,0,,0,0,,0,0,,0,0,0
1376,Vaughn Grissom,ATL,-2.2,-0.7,-6.1,0.8,,-2.9,-5.3,,0.2,2.5,,-5.4,-0.5,-4.3
1377,Victor Caratini,MIL,-1.6,-2.6,3.7,4,,-4.2,7.7,,0.6,7,,11.2,1.1,8.9
1378,Victor González,LAD,0,0,,0,,0,0,,0,0,,0,0,0
1379,Victor Mederos,LAA,0,0,,0,,0,0,,0,0,,0,0,0
1380,Victor Robles,WSN,1.8,1.3,-4.4,0.5,,3.1,-3.8,,0.4,3.9,,3.6,0.4,2.8
1381,Victor Vodnik,COL,0,0,,0,,0,0,,0,0,,0,0,0
1382,Vidal Bruján,TBR,-7.2,0.2,-2.9,0.3,,-7,-2.7,,0.3,2.6,,-6.8,-0.7,-5.4
1383,Vince Velasquez,PIT,0,0,,0,,0,0,,0,0,,0,0,0
1384,Vinnie Pasquantino,KCR,1.1,-2.1,-2,-5,,-1,-6.9,,0.8,8.1,,1,0.1,0.8
1385,Vinny Capra,PIT,-1.8,0,0.9,0.1,,-1.8,1,,0.1,0.7,,-0.1,0,-0.1
1386,Vinny Nittoli,NYM,0,0,,0,,0,0,,0,0,,0,0,0
1387,Vladimir Guerrero Jr.,TOR,14.6,-4.2,-7.8,-12.8,,10.5,-20.6,,2.2,21.2,,13.2,1.3,10.5
1388,Wade Meckler,SFG,-2.2,0.3,-1.8,0.1,,-1.9,-1.6,,0.2,2,,-1.4,-0.1,-1.1
1389,Wade Miley,MIL,0,0,,0,,0,0,,0,0,,0,0,0
1390,Wander Franco,TBR,16.1,2.9,8.4,4.8,,19,13.1,,1.6,15.2,,49,4.9,39.1
1391,Wander Suero,LAD,0,0,,0,,0,0,,0,0,,0,0,0
1392,Wandy Peralta,NYY,0,0,,0,,0,0,,0,0,,0,0,0
1393,Wes Parsons,TOR,0,0,,0,,0,0,,0,0,,0,0,0
1394,Weston Wilson,PHI,2.2,0,-1.5,-0.2,,2.2,-1.6,,0.1,0.7,,1.3,0.1,1
1395,Whit Merrifield,TOR,-4.8,1.3,-1.3,-2.2,,-3.5,-3.5,,1.9,18.4,,13.2,1.3,10.5
1396,Wil Crowe,PIT,0,0,,0,,0,0,,0,0,,0,0,0
1397,Wil Myers,CIN,-10,0.2,-0.1,-2,,-9.8,-2.1,,0.4,4.4,,-7.2,-0.7,-5.7
1398,Will Benson,CIN,11.3,1.8,-0.4,-4.3,,13,-4.6,,0.9,10.2,,19.6,2,15.6
1399,Will Brennan,CLE,-10.5,-1.2,1.9,-4.8,,-11.7,-2.8,,1.5,14.1,,1,0.1,0.8
1400,Will Smith,TEX,0,0,,0,,0,0,,0,0,,0,0,0
1401,Will Smith,LAD,12.9,-1.1,1.9,6.7,,11.7,8.6,,1.6,17.2,,39.1,3.9,31.2
1402,Will Vest,DET,0,0,,0,,0,0,,0,0,,0,0,0
1403,Willi Castro,MIN,4.5,5.1,2.4,-0.7,,9.6,1.7,,1.3,12.7,,25.3,2.5,20.1
1404,William Contreras,MIL,18.5,-1.6,15,4.5,,16.9,19.6,,1.7,19,,57.2,5.7,45.6
1405,Willie Calhoun,NYY,-0.7,-0.3,-1.8,-3.2,,-1.1,-5,,0.5,4.6,,-0.9,-0.1,-0.8
1406,Willson Contreras,STL,16.8,-1.6,-7.6,3.3,,15.3,-4.3,,1.4,15.4,,27.7,2.8,22.1
1407,Willy Adames,MIL,-5,-1,11,6.4,,-6.1,17.4,,1.8,19.8,,32.9,3.3,26.3
1408,Wilmer Flores,SFG,20,-3.1,-0.9,-7.7,,16.9,-8.6,,1.3,14.1,,23.7,2.4,18.9
1409,Wilyer Abreu,BOS,3.5,-0.3,0.5,-0.3,,3.2,0.2,,0.3,2.6,,6.3,0.6,5.1
1410,Xander Bogaerts,SDP,16.6,0.9,1.5,5.6,,17.5,7.1,,1.9,20.6,,47.1,4.7,37.6
1411,Xavier Edwards,MIA,-1.8,0.9,-0.9,0.2,,-0.9,-0.7,,0.2,2.6,,1.2,0.1,0.9
1412,Xzavion Curry,CLE,0,0,,0,,0,0,,0,0,,0,0,0
1413,Yacksel Ríos,OAK,0,0,,0,,0,0,,0,0,,0,0,0
1414,Yainer Diaz,HOU,12.2,-1.7,2.4,-1.2,,10.5,1.1,,1.2,11.7,,24.6,2.4,19.6
1415,Yan Gomes,CHC,-2.6,-1,-6.6,5.7,,-3.6,-0.9,,1.2,13,,9.7,1,7.7
1416,Yandy Díaz,TBR,46.1,-4.4,-2,-9.8,,41.7,-11.8,,1.9,18.6,,50.5,5,40.3
1417,Yasmani Grandal,CHW,-9.9,-3.8,-3.8,3.8,,-13.7,0,,1.3,12.6,,0.2,0,0.1
1418,Yency Almonte,LAD,0,0,,0,,0,0,,0,0,,0,0,0
1419,Yennier Cano,BAL,0,0,,0,,0,0,,0,0,,0,0,0
1420,Yerry De Los Santos,PIT,0,0,,0,,0,0,,0,0,,0,0,0
1421,Yerry Rodríguez,TEX,0,0,,0,,0,0,,0,0,,0,0,0
1422,Yimi García,TOR,0,0,,0,,0,0,,0,0,,0,0,0
1423,Yoán Moncada,CHW,-0.7,-0.6,-0.8,1.3,,-1.4,0.5,,1.1,11.1,,11.3,1.1,9
1424,Yoendrys Gómez,NYY,0,0,,0,,0,0,,0,0,,0,0,0
1425,Yohan Ramírez,2 Tms,0,0,,0,,0,0,,0,0,,0,0,0
1426,Yonathan Daza,COL,-3.7,-0.2,-3.1,0.3,,-4,-2.8,,0.2,2.5,,-4.1,-0.4,-3.2
1427,Yonny Chirinos,2 Tms,0,0,,0,,0,0,,0,0,,0,0,0
1428,Yonny Hernández,LAD,-2.7,0.1,-0.2,0.1,,-2.6,-0.1,,0.1,0.8,,-1.8,-0.2,-1.4
1429,Yordan Alvarez,HOU,41.5,-4.5,-1.5,-9.7,,37,-11.2,,1.6,15.4,,42.9,4.3,34.2
1430,Yu Chang,BOS,-8.2,0.3,3,1.2,,-7.9,4.2,,0.4,3.5,,0.1,0,0.1
1431,Yu Darvish,SDP,0,0,,0,,0,0,,0,0,,0,0,0
1432,Yuli Gurriel,MIA,-9.4,1.8,-0.1,-6.1,,-7.6,-6.2,,0.9,10.2,,-2.6,-0.3,-2.1
1433,Yunior Marte,PHI,0,0,,0,,0,0,,0,0,,0,0,0
1434,Yusei Kikuchi,TOR,0,0,,0,,0,0,,0,0,,0,0,0
1435,Zac Gallen,ARI,0,0,,0,,0,0,,0,0,,0,0,0
1436,Zach Davies,ARI,0,0,,0,,0,0,,0,0,,0,0,0
1437,Zach Eflin,TBR,0,0,,0,,0,0,,0,0,,0,0,0
1438,Zach Jackson,OAK,0,0,,0,,0,0,,0,0,,0,0,0
1439,Zach Logue,DET,0,0,,0,,0,0,,0,0,,0,0,0
1440,Zach McAllister,NYY,0,0,,0,,0,0,,0,0,,0,0,0
1441,Zach McKinstry,DET,-11.8,1.1,3.4,-0.2,,-10.7,3.2,,1.7,16.1,,10.3,1,8.2
1442,Zach Muckenhirn,NYM,0,0,,0,,0,0,,0,0,,0,0,0
1443,Zach Neal,OAK,0,0,,0,,0,0,,0,0,,0,0,0
1444,Zach Neto,LAA,-4.5,0,0.7,3.7,,-4.5,4.4,,1.1,10.2,,11.2,1.1,8.9
1445,Zach Plesac,CLE,0,0,,0,,0,0,,0,0,,0,0,0
1446,Zach Pop,TOR,0,0,,0,,0,0,,0,0,,0,0,0
1447,Zach Remillard,CHW,-6.2,1,0.1,0.3,,-5.3,0.5,,0.5,5,,0.7,0.1,0.6
1448,Zack Burdi,TBR,0,0,,0,,0,0,,0,0,,0,0,0
1449,Zack Collins,CLE,1.1,0,-0.5,0.1,,1,-0.3,,0,0.2,,0.9,0.1,0.7
1450,Zack Gelof,OAK,11.9,2.2,2,1,,14.1,3.1,,1,9.3,,27.5,2.7,21.9
1451,Zack Greinke,KCR,0,0,,0,,0,0,,0,0,,0,0,0
1452,Zack Kelly,BOS,0,0,,0,,0,0,,0,0,,0,0,0
1453,Zack Littell,2 Tms,0,0,,0,,0,0,,0,0,,0,0,0
1454,Zack Short,DET,-7.4,-0.4,-3.6,1.5,,-7.8,-2.1,,0.8,7.9,,-1.2,-0.1,-1
1455,Zack Thompson,STL,0,0,,0,,0,0,,0,0,,0,0,0
1456,Zack Weiss,2 Tms,0,0,,0,,0,0,,0,0,,0,0,0
1457,Zack Wheeler,PHI,0,0,,0,,0,0,,0,0,,0,0,0
